{"stats":{"minecraft:crafted":{"minecraft:oak_planks":92,"minecraft:stick":4,"minecraft:wooden_pickaxe":1,"minecraft:wooden_axe":1},"minecraft:custom":{"minecraft:time_since_rest":34,"minecraft:sprint_one_cm":41349,"minecraft:damage_taken":3675,"minecraft:walk_one_cm":53950,"minecraft:mob_kills":1,"minecraft:damage_dealt":521,"minecraft:fly_one_cm":13617,"minecraft:interact_with_crafting_table":1,"minecraft:crouch_one_cm":38,"minecraft:play_time":13128,"minecraft:deaths":14,"minecraft:sneak_time":24,"minecraft:jump":250,"minecraft:leave_game":1,"minecraft:time_since_death":9,"minecraft:total_world_time":13128,"minecraft:fall_one_cm":7171},"minecraft:killed":{"minecraft:sheep":1},"minecraft:killed_by":{"born_in_chaos_v1:baby_skeleton":1,"gnumus:gnumusnotdispawn":4,"born_in_chaos_v1:fallen_chaos_knight":4,"hmag:necrotic_reaper":1,"minecraft:creeper":1,"greekfantasy:arachne":2},"minecraft:picked_up":{"minecraft:birch_log":11,"minecraft:stick":8,"minecraft:crafting_table":2,"minecraft:feather":3,"minecraft:glow_ink_sac":5,"minecraft:leather":1,"gnumus:gnumus_claw":2,"gnumus:gnumus_pouch":1,"minecraft:oak_log":24,"minecraft:dirt":21,"minecraft:string":10,"minecraft:bone":3,"minecraft:wheat_seeds":1,"minecraft:peony":3,"minecraft:oak_sapling":9,"minecraft:mutton":2,"minecraft:birch_sapling":3,"minecraft:white_wool":1,"minecraft:cobblestone":6},"minecraft:used":{"minecraft:wooden_axe":36,"minecraft:stone_pickaxe":10,"minecraft:crafting_table":1},"minecraft:mined":{"minecraft:birch_log":11,"minecraft:crafting_table":2,"minecraft:peony":4,"gravestone:gravestone":3,"minecraft:grass":3,"minecraft:grass_block":5,"minecraft:oak_log":23,"minecraft:dirt":10,"minecraft:tall_grass":1,"minecraft:oak_leaves":3}},"DataVersion":3120}