{"stats":{"minecraft:crafted":{"minecraft:oak_planks":92,"minecraft:stick":4,"minecraft:wooden_pickaxe":1,"minecraft:stone_pickaxe":7,"minecraft:wooden_axe":1,"minecraft:stone_axe":1},"minecraft:custom":{"minecraft:time_since_rest":6433,"minecraft:sprint_one_cm":123909,"minecraft:damage_taken":4893,"minecraft:walk_one_cm":129772,"minecraft:mob_kills":1,"minecraft:damage_dealt":602,"minecraft:talked_to_villager":1,"minecraft:fly_one_cm":33161,"minecraft:interact_with_crafting_table":4,"minecraft:open_chest":8,"minecraft:crouch_one_cm":38,"minecraft:play_time":37128,"minecraft:deaths":19,"minecraft:sneak_time":24,"minecraft:jump":530,"minecraft:leave_game":1,"minecraft:walk_on_water_one_cm":584,"minecraft:time_since_death":6397,"minecraft:total_world_time":37128,"minecraft:fall_one_cm":16894},"minecraft:killed":{"minecraft:sheep":1},"minecraft:killed_by":{"born_in_chaos_v1:baby_skeleton":1,"gnumus:gnumusnotdispawn":5,"born_in_chaos_v1:fallen_chaos_knight":4,"minecraft:silverfish":1,"hmag:necrotic_reaper":1,"minecraft:creeper":1,"greekfantasy:cyclops":1,"greekfantasy:arachne":2},"minecraft:picked_up":{"minecraft:birch_log":11,"minecraft:raw_iron":18,"minecraft:stick":8,"minecraft:crafting_table":2,"minecraft:feather":3,"minecraft:glow_ink_sac":5,"minecraft:leather":1,"gnumus:gnumus_claw":2,"minecraft:torch":1,"minecraft:gravel":2,"gnumus:gnumus_pouch":1,"minecraft:oak_log":26,"minecraft:carrot":7,"minecraft:dirt":55,"minecraft:string":10,"minecraft:raw_copper":10,"minecraft:bone":3,"minecraft:wheat_seeds":1,"minecraft:peony":3,"minecraft:cobbled_deepslate":2,"minecraft:cod":2,"alexsmobs:flying_fish":2,"minecraft:oak_sapling":9,"minecraft:mutton":2,"minecraft:birch_sapling":3,"minecraft:oak_planks":1,"minecraft:coal":1,"minecraft:white_wool":1,"minecraft:cobblestone":158},"minecraft:used":{"minecraft:wooden_axe":36,"minecraft:stone_pickaxe":196,"minecraft:wooden_pickaxe":6,"minecraft:stone_axe":4,"minecraft:crafting_table":1},"minecraft:mined":{"minecraft:carrots":2,"minecraft:iron_ore":18,"minecraft:birch_log":11,"minecraft:crafting_table":2,"minecraft:peony":4,"gravestone:gravestone":4,"minecraft:grass":3,"minecraft:coal_ore":1,"minecraft:grass_block":20,"minecraft:oak_log":25,"minecraft:gravel":2,"minecraft:dirt":29,"minecraft:copper_ore":3,"minecraft:tall_grass":1,"minecraft:deepslate":3,"minecraft:wall_torch":1,"minecraft:stone":152,"minecraft:oak_planks":1,"minecraft:oak_leaves":5,"minecraft:infested_stone":3}},"DataVersion":3120}