{"stats":{"minecraft:crafted":{"minecraft:oak_planks":100,"minecraft:crafting_table":1,"minecraft:wooden_pickaxe":1,"minecraft:furnace":1,"minecraft:stone_axe":1,"minecraft:iron_boots":1,"minecraft:iron_chestplate":1,"minecraft:stick":4,"minecraft:iron_ingot":19,"minecraft:stone_pickaxe":9,"minecraft:wooden_axe":1,"minecraft:iron_leggings":1},"minecraft:custom":{"minecraft:interact_with_furnace":8,"minecraft:mob_kills":1,"minecraft:interact_with_crafting_table":7,"minecraft:leave_game":1,"minecraft:time_since_death":18397,"minecraft:time_since_rest":18433,"minecraft:sprint_one_cm":161134,"minecraft:damage_taken":4893,"minecraft:walk_one_cm":172358,"minecraft:damage_dealt":602,"minecraft:talked_to_villager":1,"minecraft:fly_one_cm":39949,"minecraft:open_chest":19,"minecraft:crouch_one_cm":38,"minecraft:play_time":49128,"minecraft:deaths":19,"minecraft:sneak_time":24,"minecraft:walk_under_water_one_cm":115,"minecraft:jump":756,"minecraft:walk_on_water_one_cm":1195,"minecraft:total_world_time":49128,"minecraft:fall_one_cm":17103},"minecraft:broken":{"minecraft:stone_pickaxe":1},"minecraft:killed":{"minecraft:sheep":1},"minecraft:killed_by":{"minecraft:silverfish":1,"minecraft:creeper":1,"greekfantasy:cyclops":1,"born_in_chaos_v1:baby_skeleton":1,"gnumus:gnumusnotdispawn":5,"born_in_chaos_v1:fallen_chaos_knight":4,"hmag:necrotic_reaper":1,"greekfantasy:arachne":2},"minecraft:picked_up":{"minecraft:birch_log":11,"minecraft:crafting_table":2,"minecraft:feather":3,"minecraft:clay_ball":8,"minecraft:glow_ink_sac":5,"minecraft:leather":1,"gnumus:gnumus_claw":2,"gnumus:gnumus_pouch":1,"minecraft:oak_log":26,"minecraft:string":10,"minecraft:dirt":61,"minecraft:raw_copper":10,"greekfantasy:reeds":1,"minecraft:bone":3,"minecraft:wheat_seeds":1,"minecraft:cobbled_deepslate":10,"minecraft:birch_sapling":3,"minecraft:oak_planks":4,"minecraft:stick":8,"minecraft:raw_iron":20,"minecraft:torch":1,"minecraft:gravel":2,"minecraft:sand":3,"minecraft:carrot":7,"minecraft:peony":3,"minecraft:white_wool":1,"minecraft:oak_sapling":9,"minecraft:mutton":2,"minecraft:coal":7,"minecraft:cod":2,"alexsmobs:flying_fish":2,"minecraft:cobblestone":160},"minecraft:used":{"minecraft:stone_pickaxe":210,"minecraft:wooden_pickaxe":20,"minecraft:dirt":6,"minecraft:sand":3,"minecraft:crafting_table":2,"minecraft:carrot":2,"minecraft:wooden_axe":36,"minecraft:stone_axe":4,"minecraft:cobblestone":65,"minecraft:furnace":1},"minecraft:mined":{"minecraft:clay":2,"minecraft:crafting_table":2,"gravestone:gravestone":4,"minecraft:grass_block":21,"minecraft:tall_grass":1,"minecraft:copper_ore":3,"minecraft:oak_planks":4,"minecraft:wall_torch":1,"minecraft:carrots":2,"minecraft:birch_log":11,"minecraft:iron_ore":18,"minecraft:peony":4,"minecraft:grass":3,"minecraft:oak_log":25,"minecraft:coal_ore":7,"minecraft:deepslate_iron_ore":2,"greekfantasy:reeds":1,"minecraft:gravel":2,"minecraft:sand":3,"minecraft:dirt":34,"minecraft:stone":154,"minecraft:oak_leaves":5,"minecraft:deepslate":10,"minecraft:infested_stone":3}},"DataVersion":3120}