{"stats":{"minecraft:crafted":{"minecraft:oak_planks":92,"minecraft:stick":4,"minecraft:wooden_pickaxe":1,"minecraft:stone_pickaxe":5,"minecraft:wooden_axe":1,"minecraft:stone_axe":1},"minecraft:custom":{"minecraft:time_since_rest":8706,"minecraft:sprint_one_cm":86002,"minecraft:damage_taken":4305,"minecraft:walk_one_cm":97012,"minecraft:mob_kills":1,"minecraft:damage_dealt":527,"minecraft:fly_one_cm":21960,"minecraft:interact_with_crafting_table":2,"minecraft:open_chest":2,"minecraft:crouch_one_cm":38,"minecraft:play_time":25128,"minecraft:deaths":16,"minecraft:sneak_time":24,"minecraft:jump":425,"minecraft:leave_game":1,"minecraft:walk_on_water_one_cm":391,"minecraft:time_since_death":8676,"minecraft:total_world_time":25128,"minecraft:fall_one_cm":13439},"minecraft:killed":{"minecraft:sheep":1},"minecraft:killed_by":{"born_in_chaos_v1:baby_skeleton":1,"gnumus:gnumusnotdispawn":5,"born_in_chaos_v1:fallen_chaos_knight":4,"hmag:necrotic_reaper":1,"minecraft:creeper":1,"greekfantasy:arachne":2},"minecraft:picked_up":{"minecraft:birch_log":11,"minecraft:stick":8,"minecraft:crafting_table":2,"minecraft:feather":3,"minecraft:glow_ink_sac":5,"minecraft:leather":1,"gnumus:gnumus_claw":2,"gnumus:gnumus_pouch":1,"minecraft:oak_log":24,"minecraft:dirt":49,"minecraft:string":10,"minecraft:bone":3,"minecraft:wheat_seeds":1,"minecraft:peony":3,"minecraft:oak_sapling":9,"minecraft:mutton":2,"minecraft:birch_sapling":3,"minecraft:white_wool":1,"minecraft:cobblestone":6},"minecraft:used":{"minecraft:wooden_axe":36,"minecraft:stone_pickaxe":10,"minecraft:crafting_table":1},"minecraft:mined":{"minecraft:birch_log":11,"minecraft:crafting_table":2,"minecraft:peony":4,"gravestone:gravestone":4,"minecraft:grass":3,"minecraft:grass_block":19,"minecraft:oak_log":23,"minecraft:dirt":24,"minecraft:tall_grass":1,"minecraft:oak_leaves":5}},"DataVersion":3120}