{"stats":{"minecraft:custom":{"minecraft:jump":8,"minecraft:time_since_rest":55,"minecraft:damage_dealt":86,"minecraft:leave_game":1,"minecraft:walk_one_cm":3902,"minecraft:play_time":1346,"minecraft:damage_taken":1320,"minecraft:time_since_death":0,"minecraft:deaths":5,"minecraft:total_world_time":1346,"minecraft:fall_one_cm":269,"minecraft:fly_one_cm":417},"minecraft:killed_by":{"born_in_chaos_v1:fallen_chaos_knight":4,"minecraft:creeper":1},"minecraft:picked_up":{"minecraft:cobblestone":4}},"DataVersion":3120}