{"stats":{"minecraft:custom":{"minecraft:time_since_rest":1165,"minecraft:crouch_one_cm":42,"minecraft:play_time":5475,"minecraft:sprint_one_cm":16873,"minecraft:walk_one_cm":19470,"minecraft:damage_taken":770,"minecraft:deaths":2,"minecraft:sneak_time":42,"minecraft:jump":105,"minecraft:damage_dealt":20,"minecraft:leave_game":1,"minecraft:time_since_death":1131,"minecraft:total_world_time":5475,"minecraft:fall_one_cm":3662,"minecraft:fly_one_cm":17183},"minecraft:killed_by":{"born_in_chaos_v1:zombieswith_door":1,"hmag:skeleton_girl":1},"minecraft:picked_up":{"minecraft:stone_pickaxe":1,"minecraft:cobblestone":1,"minecraft:raw_copper":8},"minecraft:used":{"minecraft:stone_pickaxe":3,"alexsmobs:animal_dictionary":1},"minecraft:mined":{"gravestone:gravestone":1,"minecraft:copper_ore":2,"minecraft:stone":1}},"DataVersion":3120}