{"stats":{"minecraft:dropped":{"minecraft:jack_o_lantern":1},"minecraft:crafted":{"minecraft:oak_planks":8,"minecraft:stone_axe":1,"minecraft:stick":16},"minecraft:custom":{"minecraft:mob_kills":1,"minecraft:interact_with_crafting_table":2,"minecraft:leave_game":3,"minecraft:time_since_death":2301,"minecraft:time_since_rest":2339,"minecraft:sprint_one_cm":63300,"minecraft:damage_taken":3086,"minecraft:walk_one_cm":76515,"minecraft:drop":1,"minecraft:damage_dealt":56,"minecraft:fly_one_cm":88966,"minecraft:crouch_one_cm":777,"minecraft:play_time":21195,"minecraft:deaths":10,"minecraft:sneak_time":567,"minecraft:jump":488,"minecraft:total_world_time":21195,"minecraft:fall_one_cm":19063},"minecraft:killed_by":{"born_in_chaos_v1:decrepit_skeleton":1,"born_in_chaos_v1:phantom_creeper_form":1,"minecraft:creeper":2,"born_in_chaos_v1:zombieswith_door":1,"hmag:zombie_girl":2,"hmag:skeleton_girl":1,"born_in_chaos_v1:dread_hound":2},"minecraft:picked_up":{"minecraft:birch_log":1,"minecraft:crafting_table":3,"minecraft:air":0,"minecraft:feather":16,"minecraft:glow_ink_sac":28,"minecraft:chest_minecart":1,"minecraft:leather":17,"gnumus:gnumus_claw":4,"gnumus:gnumus_pouch":2,"minecraft:oak_log":79,"gravestone:obituary":3,"minecraft:gunpowder":5,"minecraft:dirt":152,"minecraft:string":12,"minecraft:raw_copper":30,"gnumus:gnumus_pouch_2":1,"born_in_chaos_v1:monster_skin":2,"minecraft:bone":57,"minecraft:apple":1,"minecraft:kelp":2,"alexsmobs:cockroach_wing_fragment":1,"minecraft:stone_pickaxe":5,"minecraft:beef":5,"minecraft:iron_ingot":6,"hmag:bat_wing":1,"hmag:cureberry":7,"minecraft:poppy":1,"minecraft:light_gray_wool":2,"minecraft:glass_bottle":1,"minecraft:glowstone_dust":1,"minecraft:egg":3,"greekfantasy:deadly_fang":1,"minecraft:stick":28,"hmag:soul_powder":5,"minecraft:torch":4,"greekfantasy:snakeskin":15,"shark_mod:shark_tooth":1,"minecraft:ink_sac":12,"alexsmobs:animal_dictionary":1,"minecraft:pumpkin_seeds":4,"minecraft:arrow":36,"minecraft:rotten_flesh":12,"minecraft:stone_axe":1,"wandering_bags:witch_bag":1,"minecraft:bone_meal":1,"minecraft:golden_apple":1,"minecraft:jack_o_lantern":2,"minecraft:oak_sapling":31,"minecraft:melon_seeds":3,"minecraft:mutton":3,"minecraft:coal":6,"minecraft:white_wool":17,"minecraft:rail":14,"minecraft:cobblestone":46},"minecraft:used":{"minecraft:stone_pickaxe":56,"minecraft:dirt":3,"minecraft:crafting_table":1,"minecraft:stone_axe":51,"minecraft:cobblestone":2,"alexsmobs:animal_dictionary":1},"minecraft:mined":{"minecraft:crafting_table":2,"gravestone:gravestone":6,"minecraft:grass_block":5,"minecraft:tall_grass":5,"minecraft:copper_ore":5,"minecraft:birch_leaves":1,"minecraft:oak_log":38,"minecraft:dirt":3,"minecraft:stone":46,"minecraft:oak_leaves":4}},"DataVersion":3120}