{"stats":{"minecraft:crafted":{"minecraft:oak_planks":8,"minecraft:stick":16,"minecraft:stone_axe":1},"minecraft:custom":{"minecraft:time_since_rest":373,"minecraft:sprint_one_cm":34810,"minecraft:damage_taken":870,"minecraft:walk_one_cm":49279,"minecraft:damage_dealt":20,"minecraft:interact_with_crafting_table":2,"minecraft:fly_one_cm":33628,"minecraft:crouch_one_cm":42,"minecraft:play_time":13099,"minecraft:deaths":3,"minecraft:sneak_time":42,"minecraft:jump":249,"minecraft:leave_game":2,"minecraft:time_since_death":313,"minecraft:total_world_time":13099,"minecraft:fall_one_cm":4291},"minecraft:killed_by":{"born_in_chaos_v1:zombieswith_door":1,"hmag:zombie_girl":1,"hmag:skeleton_girl":1},"minecraft:picked_up":{"minecraft:stick":7,"minecraft:crafting_table":2,"minecraft:air":0,"minecraft:glow_ink_sac":3,"minecraft:oak_log":38,"minecraft:dirt":5,"minecraft:raw_copper":15,"minecraft:bone":7,"minecraft:arrow":5,"minecraft:apple":1,"minecraft:kelp":1,"minecraft:stone_pickaxe":1,"minecraft:light_gray_wool":1,"minecraft:oak_sapling":14,"minecraft:mutton":3,"minecraft:white_wool":1,"minecraft:cobblestone":46,"minecraft:egg":3},"minecraft:used":{"minecraft:stone_pickaxe":55,"minecraft:stone_axe":43,"minecraft:dirt":3,"minecraft:cobblestone":2,"minecraft:crafting_table":1,"alexsmobs:animal_dictionary":1},"minecraft:mined":{"minecraft:crafting_table":2,"gravestone:gravestone":2,"minecraft:grass_block":2,"minecraft:oak_log":38,"minecraft:dirt":3,"minecraft:copper_ore":5,"minecraft:stone":46,"minecraft:oak_leaves":3}},"DataVersion":3120}