{"stats":{"minecraft:dropped":{"minecraft:birch_sapling":7,"minecraft:dirt":1,"minecraft:oak_sapling":6,"gravestone:obituary":2,"minecraft:stone_pickaxe":1},"minecraft:crafted":{"minecraft:oak_planks":432,"minecraft:crafting_table":6,"minecraft:wooden_pickaxe":2,"minecraft:birch_planks":26,"minecraft:stone_axe":2,"minecraft:oak_boat":1,"minecraft:stick":264,"minecraft:stone_pickaxe":3,"minecraft:stone_sword":2,"minecraft:chest":2},"minecraft:custom":{"minecraft:mob_kills":14,"minecraft:interact_with_crafting_table":21,"minecraft:pot_flower":1,"minecraft:damage_dealt_resisted":326,"minecraft:leave_game":3,"minecraft:time_since_death":6216,"minecraft:sleep_in_bed":4,"minecraft:time_since_rest":6245,"minecraft:sprint_one_cm":190434,"minecraft:damage_taken":5120,"minecraft:walk_one_cm":552809,"minecraft:drop":8,"minecraft:damage_dealt":1972,"minecraft:swim_one_cm":17656,"minecraft:fly_one_cm":35054,"minecraft:open_chest":15,"minecraft:crouch_one_cm":684,"minecraft:play_time":109074,"minecraft:deaths":18,"minecraft:sneak_time":267,"minecraft:walk_under_water_one_cm":20739,"minecraft:boat_one_cm":119986,"minecraft:jump":1016,"minecraft:walk_on_water_one_cm":18920,"minecraft:total_world_time":109074,"minecraft:fall_one_cm":20520},"minecraft:broken":{"minecraft:stone_pickaxe":1,"minecraft:stone_axe":1},"minecraft:killed":{"greekfantasy:cyclops":1,"gnumus:gnumusworker":2,"alexsmobs:seal":1,"born_in_chaos_v1:zombieswith_door":1,"minecraft:sheep":4,"gnumus:marsupialmouse":1,"greekfantasy:baby_spider":1,"gnumus:gnumusnotdispawn":2},"minecraft:killed_by":{"born_in_chaos_v1:bonescaller":1,"greekfantasy:siren":1,"minecraft:zombie_villager":1,"born_in_chaos_v1:baby_s_2":1,"greekfantasy:baby_spider":2,"gnumus:pitchermouse":1,"gnumus:gnumusnotdispawn":1,"hmag:zombie_girl":2,"hmag:creeper_girl":1,"born_in_chaos_v1:fallen_chaos_knight":1,"minecraft:elder_guardian":2,"greekfantasy:arachne":3,"born_in_chaos_v1:shy_spirit":1},"minecraft:picked_up":{"minecraft:birch_log":7,"minecraft:crafting_table":1,"greekfantasy:bronze_shield":1,"minecraft:feather":1,"minecraft:azure_bluet":1,"minecraft:flower_pot":1,"minecraft:glow_ink_sac":1,"minecraft:chest_minecart":2,"gnumus:gnumus_pouch":1,"minecraft:brown_bed":1,"minecraft:oak_log":112,"gravestone:obituary":2,"minecraft:yellow_bed":2,"minecraft:string":6,"minecraft:dirt":65,"gnumus:gnumus_pouch_2":1,"born_in_chaos_v1:monster_skin":1,"minecraft:bone":6,"minecraft:apple":5,"minecraft:wheat_seeds":1,"alexsmobs:cockroach_wing_fragment":1,"hmag:bat_wing":1,"minecraft:oak_boat":3,"minecraft:birch_sapling":9,"minecraft:egg":1,"minecraft:stick":33,"hmag:soul_powder":3,"greekfantasy:bronze_goblet":1,"minecraft:torch":11,"minecraft:gravel":1,"greekfantasy:bronze_cuirass":1,"minecraft:white_bed":2,"minecraft:arrow":5,"minecraft:rotten_flesh":2,"gnumus:gnumus_clay":8,"minecraft:hay_block":30,"minecraft:red_tulip":1,"greekfantasy:bronze_nugget":2,"minecraft:rail":5,"minecraft:cod":1,"minecraft:oak_sapling":60,"alexsmobs:lobster_tail":1,"gnumus:mouse_skin":1,"minecraft:mutton":6,"minecraft:white_wool":4,"minecraft:cobblestone":155},"minecraft:used":{"minecraft:stone_sword":80,"minecraft:stone_pickaxe":143,"minecraft:chest":2,"minecraft:wooden_pickaxe":10,"minecraft:dirt":9,"minecraft:mutton":4,"minecraft:crafting_table":7,"minecraft:white_bed":2,"minecraft:flower_pot":1,"minecraft:stone_axe":186,"minecraft:cobblestone":5,"minecraft:yellow_bed":1,"minecraft:oak_boat":4,"minecraft:egg":1,"minecraft:brown_bed":1},"minecraft:mined":{"minecraft:white_bed":2,"minecraft:crafting_table":1,"gravestone:gravestone":12,"minecraft:grass_block":16,"minecraft:tall_grass":3,"minecraft:hay_block":30,"minecraft:birch_log":7,"minecraft:yellow_bed":2,"minecraft:brown_bed":1,"minecraft:grass":10,"minecraft:oak_log":126,"minecraft:dirt":16,"minecraft:cobweb":2,"minecraft:stone":149,"minecraft:potted_red_tulip":1,"minecraft:oak_leaves":13,"minecraft:fern":1}},"DataVersion":3120}