{"stats":{"minecraft:dropped":{"minecraft:stone_pickaxe":1},"minecraft:crafted":{"minecraft:oak_planks":388,"minecraft:crafting_table":2,"minecraft:stone_axe":1,"minecraft:stick":256,"minecraft:stone_sword":1,"minecraft:wooden_pickaxe":1,"minecraft:stone_pickaxe":3},"minecraft:custom":{"minecraft:time_since_rest":16444,"minecraft:sprint_one_cm":2481,"minecraft:play_time":16444,"minecraft:walk_one_cm":74284,"minecraft:mob_kills":1,"minecraft:drop":1,"minecraft:damage_dealt_resisted":246,"minecraft:jump":79,"minecraft:damage_dealt":340,"minecraft:leave_game":1,"minecraft:time_since_death":16444,"minecraft:total_world_time":16444,"minecraft:fly_one_cm":28,"minecraft:interact_with_crafting_table":12},"minecraft:broken":{"minecraft:stone_pickaxe":1,"minecraft:stone_axe":1},"minecraft:killed":{"born_in_chaos_v1:zombieswith_door":1},"minecraft:picked_up":{"minecraft:birch_log":7,"minecraft:stick":26,"minecraft:crafting_table":1,"minecraft:rotten_flesh":2,"minecraft:apple":5,"minecraft:oak_log":100,"minecraft:oak_sapling":47,"minecraft:cobblestone":149,"minecraft:dirt":15,"minecraft:egg":1},"minecraft:used":{"minecraft:stone_axe":149,"minecraft:stone_sword":15,"minecraft:dirt":1,"minecraft:crafting_table":3,"minecraft:stone_pickaxe":143,"minecraft:wooden_pickaxe":6},"minecraft:mined":{"minecraft:grass_block":5,"minecraft:oak_log":117,"minecraft:dirt":10,"minecraft:birch_log":7,"minecraft:stone":149,"minecraft:oak_leaves":10,"minecraft:crafting_table":1}},"DataVersion":3120}