{"stats":{"minecraft:dropped":{"minecraft:stone_pickaxe":1},"minecraft:crafted":{"minecraft:oak_boat":1,"minecraft:oak_planks":398,"minecraft:crafting_table":3,"minecraft:stick":264,"minecraft:wooden_pickaxe":2,"minecraft:stone_pickaxe":3,"minecraft:stone_sword":2,"minecraft:stone_axe":2},"minecraft:custom":{"minecraft:time_since_rest":4680,"minecraft:sprint_one_cm":55905,"minecraft:damage_taken":1725,"minecraft:walk_one_cm":285449,"minecraft:mob_kills":1,"minecraft:drop":1,"minecraft:damage_dealt":546,"minecraft:swim_one_cm":6644,"minecraft:interact_with_crafting_table":17,"minecraft:fly_one_cm":6759,"minecraft:open_chest":6,"minecraft:play_time":61074,"minecraft:deaths":6,"minecraft:walk_under_water_one_cm":11064,"minecraft:boat_one_cm":64465,"minecraft:jump":433,"minecraft:damage_dealt_resisted":246,"minecraft:leave_game":3,"minecraft:time_since_death":36252,"minecraft:walk_on_water_one_cm":7590,"minecraft:sleep_in_bed":1,"minecraft:total_world_time":61074,"minecraft:fall_one_cm":7007},"minecraft:broken":{"minecraft:stone_pickaxe":1,"minecraft:stone_axe":1},"minecraft:killed":{"born_in_chaos_v1:zombieswith_door":1},"minecraft:killed_by":{"greekfantasy:siren":1,"born_in_chaos_v1:bonescaller":1,"hmag:zombie_girl":2,"born_in_chaos_v1:baby_s_2":1,"born_in_chaos_v1:fallen_chaos_knight":1},"minecraft:picked_up":{"minecraft:stick":26,"minecraft:crafting_table":1,"minecraft:oak_log":112,"minecraft:yellow_bed":1,"minecraft:white_bed":2,"minecraft:dirt":50,"minecraft:rotten_flesh":2,"minecraft:apple":5,"minecraft:hay_block":30,"minecraft:oak_boat":1,"minecraft:oak_sapling":48,"minecraft:egg":1,"minecraft:cobblestone":154,"minecraft:birch_log":7},"minecraft:used":{"minecraft:stone_sword":17,"minecraft:stone_pickaxe":143,"minecraft:wooden_pickaxe":10,"minecraft:stone_axe":186,"minecraft:dirt":3,"minecraft:cobblestone":5,"minecraft:crafting_table":4,"minecraft:white_bed":2,"minecraft:oak_boat":1,"minecraft:egg":1},"minecraft:mined":{"minecraft:hay_block":30,"minecraft:white_bed":2,"minecraft:birch_log":7,"minecraft:yellow_bed":1,"minecraft:crafting_table":1,"gravestone:gravestone":5,"minecraft:grass":1,"minecraft:grass_block":10,"minecraft:oak_log":126,"minecraft:dirt":16,"minecraft:tall_grass":2,"minecraft:stone":149,"minecraft:oak_leaves":11,"minecraft:fern":1}},"DataVersion":3120}