{"stats":{"minecraft:dropped":{"minecraft:birch_sapling":3,"minecraft:dirt":1,"minecraft:oak_sapling":6,"gravestone:obituary":1,"minecraft:stone_pickaxe":1},"minecraft:crafted":{"minecraft:oak_planks":432,"minecraft:crafting_table":4,"minecraft:wooden_pickaxe":2,"minecraft:birch_planks":26,"minecraft:stone_axe":2,"minecraft:oak_boat":1,"minecraft:stick":264,"minecraft:stone_pickaxe":3,"minecraft:stone_sword":2,"minecraft:chest":2},"minecraft:custom":{"minecraft:mob_kills":13,"minecraft:interact_with_crafting_table":19,"minecraft:pot_flower":1,"minecraft:damage_dealt_resisted":326,"minecraft:leave_game":3,"minecraft:time_since_death":2338,"minecraft:sleep_in_bed":3,"minecraft:time_since_rest":2369,"minecraft:sprint_one_cm":138985,"minecraft:damage_taken":4059,"minecraft:walk_one_cm":508400,"minecraft:drop":5,"minecraft:damage_dealt":1843,"minecraft:swim_one_cm":17656,"minecraft:fly_one_cm":27352,"minecraft:open_chest":14,"minecraft:crouch_one_cm":684,"minecraft:play_time":97074,"minecraft:deaths":15,"minecraft:sneak_time":267,"minecraft:walk_under_water_one_cm":13365,"minecraft:boat_one_cm":67523,"minecraft:jump":851,"minecraft:walk_on_water_one_cm":15685,"minecraft:total_world_time":97074,"minecraft:fall_one_cm":15108},"minecraft:broken":{"minecraft:stone_pickaxe":1,"minecraft:stone_axe":1},"minecraft:killed":{"greekfantasy:cyclops":1,"gnumus:gnumusworker":2,"alexsmobs:seal":1,"born_in_chaos_v1:zombieswith_door":1,"minecraft:sheep":3,"gnumus:marsupialmouse":1,"greekfantasy:baby_spider":1,"gnumus:gnumusnotdispawn":2},"minecraft:killed_by":{"born_in_chaos_v1:bonescaller":1,"greekfantasy:siren":1,"minecraft:zombie_villager":1,"born_in_chaos_v1:baby_s_2":1,"greekfantasy:baby_spider":1,"gnumus:pitchermouse":1,"gnumus:gnumusnotdispawn":1,"hmag:zombie_girl":2,"hmag:creeper_girl":1,"born_in_chaos_v1:fallen_chaos_knight":1,"minecraft:elder_guardian":2,"greekfantasy:arachne":1,"born_in_chaos_v1:shy_spirit":1},"minecraft:picked_up":{"minecraft:birch_log":7,"minecraft:crafting_table":1,"greekfantasy:bronze_shield":1,"minecraft:feather":1,"minecraft:azure_bluet":1,"minecraft:flower_pot":1,"minecraft:glow_ink_sac":1,"minecraft:chest_minecart":2,"gnumus:gnumus_pouch":1,"minecraft:brown_bed":1,"minecraft:oak_log":112,"minecraft:yellow_bed":1,"minecraft:string":4,"minecraft:dirt":65,"gnumus:gnumus_pouch_2":1,"born_in_chaos_v1:monster_skin":1,"minecraft:bone":6,"minecraft:apple":5,"minecraft:wheat_seeds":1,"alexsmobs:cockroach_wing_fragment":1,"hmag:bat_wing":1,"minecraft:oak_boat":3,"minecraft:birch_sapling":3,"minecraft:egg":1,"minecraft:stick":33,"hmag:soul_powder":3,"greekfantasy:bronze_goblet":1,"minecraft:torch":11,"minecraft:gravel":1,"greekfantasy:bronze_cuirass":1,"minecraft:white_bed":2,"minecraft:arrow":5,"minecraft:rotten_flesh":2,"gnumus:gnumus_clay":8,"minecraft:hay_block":30,"minecraft:red_tulip":1,"greekfantasy:bronze_nugget":2,"minecraft:rail":5,"minecraft:cod":1,"minecraft:oak_sapling":54,"alexsmobs:lobster_tail":1,"gnumus:mouse_skin":1,"minecraft:mutton":4,"minecraft:white_wool":3,"minecraft:cobblestone":155},"minecraft:used":{"minecraft:stone_sword":68,"minecraft:stone_pickaxe":143,"minecraft:chest":2,"minecraft:wooden_pickaxe":10,"minecraft:dirt":9,"minecraft:crafting_table":5,"minecraft:white_bed":2,"minecraft:flower_pot":1,"minecraft:stone_axe":186,"minecraft:cobblestone":5,"minecraft:yellow_bed":1,"minecraft:oak_boat":3,"minecraft:egg":1,"minecraft:brown_bed":1},"minecraft:mined":{"minecraft:white_bed":2,"minecraft:crafting_table":1,"gravestone:gravestone":10,"minecraft:grass_block":16,"minecraft:tall_grass":2,"minecraft:hay_block":30,"minecraft:birch_log":7,"minecraft:yellow_bed":1,"minecraft:brown_bed":1,"minecraft:grass":6,"minecraft:oak_log":126,"minecraft:dirt":16,"minecraft:cobweb":2,"minecraft:stone":149,"minecraft:potted_red_tulip":1,"minecraft:oak_leaves":13,"minecraft:fern":1}},"DataVersion":3120}