{"stats":{"minecraft:dropped":{"minecraft:stone_pickaxe":1},"minecraft:crafted":{"minecraft:oak_boat":1,"minecraft:oak_planks":398,"minecraft:crafting_table":2,"minecraft:stick":260,"minecraft:wooden_pickaxe":2,"minecraft:stone_pickaxe":3,"minecraft:stone_sword":1,"minecraft:stone_axe":1},"minecraft:custom":{"minecraft:time_since_rest":12301,"minecraft:sprint_one_cm":33726,"minecraft:damage_taken":1715,"minecraft:walk_one_cm":159692,"minecraft:mob_kills":1,"minecraft:drop":1,"minecraft:damage_dealt":546,"minecraft:interact_with_crafting_table":15,"minecraft:fly_one_cm":4635,"minecraft:play_time":37074,"minecraft:deaths":6,"minecraft:walk_under_water_one_cm":799,"minecraft:boat_one_cm":31081,"minecraft:jump":288,"minecraft:damage_dealt_resisted":246,"minecraft:leave_game":3,"minecraft:time_since_death":12252,"minecraft:walk_on_water_one_cm":297,"minecraft:total_world_time":37074,"minecraft:fall_one_cm":5923},"minecraft:broken":{"minecraft:stone_pickaxe":1,"minecraft:stone_axe":1},"minecraft:killed":{"born_in_chaos_v1:zombieswith_door":1},"minecraft:killed_by":{"greekfantasy:siren":1,"born_in_chaos_v1:bonescaller":1,"hmag:zombie_girl":2,"born_in_chaos_v1:baby_s_2":1,"born_in_chaos_v1:fallen_chaos_knight":1},"minecraft:picked_up":{"minecraft:stick":26,"minecraft:crafting_table":1,"minecraft:oak_log":103,"minecraft:dirt":50,"minecraft:rotten_flesh":2,"minecraft:apple":5,"minecraft:oak_sapling":47,"minecraft:egg":1,"minecraft:cobblestone":154,"minecraft:birch_log":7},"minecraft:used":{"minecraft:stone_sword":17,"minecraft:stone_pickaxe":143,"minecraft:wooden_pickaxe":6,"minecraft:stone_axe":149,"minecraft:dirt":3,"minecraft:cobblestone":5,"minecraft:crafting_table":3,"minecraft:oak_boat":1},"minecraft:mined":{"minecraft:birch_log":7,"minecraft:crafting_table":1,"gravestone:gravestone":1,"minecraft:grass_block":10,"minecraft:oak_log":117,"minecraft:dirt":16,"minecraft:tall_grass":1,"minecraft:stone":149,"minecraft:oak_leaves":10}},"DataVersion":3120}