{"stats":{"minecraft:dropped":{"minecraft:stone_pickaxe":1},"minecraft:crafted":{"minecraft:oak_boat":1,"minecraft:oak_planks":388,"minecraft:crafting_table":2,"minecraft:stick":256,"minecraft:wooden_pickaxe":1,"minecraft:stone_pickaxe":3,"minecraft:stone_sword":1,"minecraft:stone_axe":1},"minecraft:custom":{"minecraft:time_since_rest":1655,"minecraft:sprint_one_cm":26360,"minecraft:damage_taken":1580,"minecraft:walk_one_cm":128899,"minecraft:mob_kills":1,"minecraft:drop":1,"minecraft:damage_dealt":546,"minecraft:interact_with_crafting_table":13,"minecraft:fly_one_cm":3789,"minecraft:play_time":26428,"minecraft:deaths":6,"minecraft:walk_under_water_one_cm":799,"minecraft:boat_one_cm":31081,"minecraft:jump":192,"minecraft:damage_dealt_resisted":246,"minecraft:leave_game":3,"minecraft:walk_on_water_one_cm":297,"minecraft:time_since_death":1606,"minecraft:total_world_time":26428,"minecraft:fall_one_cm":4354},"minecraft:broken":{"minecraft:stone_pickaxe":1,"minecraft:stone_axe":1},"minecraft:killed":{"born_in_chaos_v1:zombieswith_door":1},"minecraft:killed_by":{"greekfantasy:siren":1,"born_in_chaos_v1:bonescaller":1,"hmag:zombie_girl":2,"born_in_chaos_v1:baby_s_2":1,"born_in_chaos_v1:fallen_chaos_knight":1},"minecraft:picked_up":{"minecraft:stick":26,"minecraft:crafting_table":1,"minecraft:oak_log":100,"minecraft:dirt":43,"minecraft:rotten_flesh":2,"minecraft:apple":5,"minecraft:oak_sapling":47,"minecraft:egg":1,"minecraft:cobblestone":154,"minecraft:birch_log":7},"minecraft:used":{"minecraft:stone_sword":17,"minecraft:stone_pickaxe":143,"minecraft:wooden_pickaxe":6,"minecraft:stone_axe":149,"minecraft:dirt":3,"minecraft:cobblestone":5,"minecraft:crafting_table":3,"minecraft:oak_boat":1},"minecraft:mined":{"minecraft:birch_log":7,"minecraft:crafting_table":1,"minecraft:grass_block":6,"minecraft:oak_log":117,"minecraft:dirt":13,"minecraft:stone":149,"minecraft:oak_leaves":10}},"DataVersion":3120}