{"stats":{"minecraft:dropped":{"minecraft:stone_pickaxe":1},"minecraft:crafted":{"minecraft:oak_boat":1,"minecraft:oak_planks":388,"minecraft:crafting_table":2,"minecraft:stick":256,"minecraft:wooden_pickaxe":1,"minecraft:stone_pickaxe":3,"minecraft:stone_sword":1,"minecraft:stone_axe":1},"minecraft:custom":{"minecraft:time_since_rest":19459,"minecraft:sprint_one_cm":6826,"minecraft:damage_taken":20,"minecraft:walk_one_cm":88390,"minecraft:mob_kills":1,"minecraft:drop":1,"minecraft:damage_dealt":465,"minecraft:interact_with_crafting_table":13,"minecraft:fly_one_cm":941,"minecraft:play_time":19459,"minecraft:boat_one_cm":2731,"minecraft:jump":116,"minecraft:damage_dealt_resisted":246,"minecraft:walk_on_water_one_cm":44,"minecraft:leave_game":1,"minecraft:time_since_death":19459,"minecraft:total_world_time":19459,"minecraft:fall_one_cm":1289},"minecraft:broken":{"minecraft:stone_pickaxe":1,"minecraft:stone_axe":1},"minecraft:killed":{"born_in_chaos_v1:zombieswith_door":1},"minecraft:picked_up":{"minecraft:stick":26,"minecraft:crafting_table":1,"minecraft:oak_log":100,"minecraft:dirt":30,"minecraft:rotten_flesh":2,"minecraft:apple":5,"minecraft:oak_sapling":47,"minecraft:birch_log":7,"minecraft:cobblestone":149,"minecraft:egg":1},"minecraft:used":{"minecraft:stone_sword":17,"minecraft:stone_pickaxe":143,"minecraft:wooden_pickaxe":6,"minecraft:stone_axe":149,"minecraft:dirt":3,"minecraft:cobblestone":5,"minecraft:crafting_table":3,"minecraft:oak_boat":1},"minecraft:mined":{"minecraft:birch_log":7,"minecraft:crafting_table":1,"minecraft:grass_block":6,"minecraft:oak_log":117,"minecraft:dirt":12,"minecraft:stone":149,"minecraft:oak_leaves":10}},"DataVersion":3120}