{"stats":{"minecraft:dropped":{"minecraft:stone_pickaxe":1},"minecraft:crafted":{"minecraft:oak_boat":1,"minecraft:oak_planks":398,"minecraft:crafting_table":3,"minecraft:stick":264,"minecraft:wooden_pickaxe":2,"minecraft:stone_pickaxe":3,"minecraft:stone_sword":2,"minecraft:stone_axe":2},"minecraft:custom":{"minecraft:time_since_rest":24301,"minecraft:sprint_one_cm":38647,"minecraft:damage_taken":1715,"minecraft:walk_one_cm":190094,"minecraft:mob_kills":1,"minecraft:drop":1,"minecraft:damage_dealt":546,"minecraft:swim_one_cm":4540,"minecraft:interact_with_crafting_table":17,"minecraft:fly_one_cm":4663,"minecraft:play_time":49074,"minecraft:deaths":6,"minecraft:walk_under_water_one_cm":8242,"minecraft:boat_one_cm":64465,"minecraft:jump":333,"minecraft:damage_dealt_resisted":246,"minecraft:leave_game":3,"minecraft:time_since_death":24252,"minecraft:walk_on_water_one_cm":4902,"minecraft:total_world_time":49074,"minecraft:fall_one_cm":6192},"minecraft:broken":{"minecraft:stone_pickaxe":1,"minecraft:stone_axe":1},"minecraft:killed":{"born_in_chaos_v1:zombieswith_door":1},"minecraft:killed_by":{"greekfantasy:siren":1,"born_in_chaos_v1:bonescaller":1,"hmag:zombie_girl":2,"born_in_chaos_v1:baby_s_2":1,"born_in_chaos_v1:fallen_chaos_knight":1},"minecraft:picked_up":{"minecraft:stick":26,"minecraft:crafting_table":1,"minecraft:oak_log":103,"minecraft:dirt":50,"minecraft:rotten_flesh":2,"minecraft:apple":5,"minecraft:oak_sapling":47,"minecraft:egg":1,"minecraft:cobblestone":154,"minecraft:birch_log":7},"minecraft:used":{"minecraft:stone_sword":17,"minecraft:stone_pickaxe":143,"minecraft:wooden_pickaxe":9,"minecraft:stone_axe":149,"minecraft:dirt":3,"minecraft:cobblestone":5,"minecraft:crafting_table":4,"minecraft:oak_boat":1},"minecraft:mined":{"minecraft:birch_log":7,"minecraft:crafting_table":1,"gravestone:gravestone":4,"minecraft:grass_block":10,"minecraft:oak_log":117,"minecraft:dirt":16,"minecraft:tall_grass":1,"minecraft:stone":149,"minecraft:oak_leaves":10}},"DataVersion":3120}