{"stats":{"minecraft:dropped":{"minecraft:stone_pickaxe":1},"minecraft:crafted":{"minecraft:oak_boat":1,"minecraft:oak_planks":432,"minecraft:crafting_table":4,"minecraft:stick":264,"minecraft:wooden_pickaxe":2,"minecraft:stone_pickaxe":3,"minecraft:stone_sword":2,"minecraft:chest":2,"minecraft:birch_planks":26,"minecraft:stone_axe":2},"minecraft:custom":{"minecraft:time_since_rest":1331,"minecraft:sprint_one_cm":76191,"minecraft:damage_taken":2205,"minecraft:walk_one_cm":352411,"minecraft:mob_kills":1,"minecraft:drop":1,"minecraft:damage_dealt":546,"minecraft:swim_one_cm":9019,"minecraft:interact_with_crafting_table":18,"minecraft:fly_one_cm":12140,"minecraft:open_chest":10,"minecraft:crouch_one_cm":53,"minecraft:play_time":73074,"minecraft:deaths":8,"minecraft:sneak_time":45,"minecraft:walk_under_water_one_cm":11315,"minecraft:boat_one_cm":64465,"minecraft:jump":555,"minecraft:damage_dealt_resisted":246,"minecraft:leave_game":3,"minecraft:time_since_death":1282,"minecraft:walk_on_water_one_cm":7735,"minecraft:sleep_in_bed":1,"minecraft:total_world_time":73074,"minecraft:fall_one_cm":9378},"minecraft:broken":{"minecraft:stone_pickaxe":1,"minecraft:stone_axe":1},"minecraft:killed":{"born_in_chaos_v1:zombieswith_door":1},"minecraft:killed_by":{"greekfantasy:siren":1,"born_in_chaos_v1:bonescaller":1,"minecraft:zombie_villager":1,"hmag:zombie_girl":2,"born_in_chaos_v1:baby_s_2":1,"born_in_chaos_v1:fallen_chaos_knight":1,"born_in_chaos_v1:shy_spirit":1},"minecraft:picked_up":{"minecraft:stick":33,"minecraft:crafting_table":1,"minecraft:glow_ink_sac":1,"minecraft:azure_bluet":1,"minecraft:gravel":1,"minecraft:oak_log":112,"minecraft:yellow_bed":1,"minecraft:white_bed":2,"minecraft:dirt":58,"born_in_chaos_v1:monster_skin":1,"minecraft:arrow":3,"minecraft:bone":6,"minecraft:rotten_flesh":2,"minecraft:apple":5,"minecraft:hay_block":30,"minecraft:oak_boat":1,"minecraft:oak_sapling":53,"minecraft:birch_sapling":3,"minecraft:egg":1,"minecraft:cobblestone":154,"minecraft:birch_log":7},"minecraft:used":{"minecraft:stone_sword":17,"minecraft:stone_pickaxe":143,"minecraft:chest":2,"minecraft:wooden_pickaxe":10,"minecraft:stone_axe":186,"minecraft:dirt":3,"minecraft:cobblestone":5,"minecraft:crafting_table":5,"minecraft:white_bed":2,"minecraft:oak_boat":1,"minecraft:egg":1},"minecraft:mined":{"minecraft:hay_block":30,"minecraft:white_bed":2,"minecraft:birch_log":7,"minecraft:yellow_bed":1,"minecraft:crafting_table":1,"gravestone:gravestone":5,"minecraft:grass":1,"minecraft:grass_block":10,"minecraft:oak_log":126,"minecraft:dirt":16,"minecraft:tall_grass":2,"minecraft:stone":149,"minecraft:oak_leaves":11,"minecraft:fern":1}},"DataVersion":3120}