{"stats":{"minecraft:dropped":{"minecraft:birch_sapling":7,"minecraft:dirt":1,"minecraft:oak_sapling":6,"gravestone:obituary":3,"minecraft:stone_pickaxe":1},"minecraft:crafted":{"minecraft:oak_planks":432,"minecraft:emerald":9,"minecraft:crafting_table":6,"minecraft:wooden_pickaxe":3,"minecraft:birch_planks":26,"minecraft:stone_axe":2,"minecraft:oak_boat":2,"minecraft:stick":264,"minecraft:iron_ingot":15,"minecraft:stone_pickaxe":12,"minecraft:oak_stairs":30,"minecraft:stone_sword":2,"minecraft:chest":2,"minecraft:torch":10},"minecraft:custom":{"minecraft:mob_kills":15,"minecraft:interact_with_crafting_table":28,"goblintraders:trade_with_goblin":17,"minecraft:interact_with_campfire":3,"minecraft:bell_ring":16,"minecraft:pot_flower":1,"minecraft:damage_dealt_resisted":326,"minecraft:leave_game":4,"minecraft:time_since_death":36561,"minecraft:sleep_in_bed":7,"minecraft:time_since_rest":18937,"minecraft:sprint_one_cm":251756,"minecraft:damage_taken":6395,"minecraft:walk_one_cm":691738,"minecraft:drop":9,"minecraft:damage_dealt":2132,"minecraft:swim_one_cm":28945,"minecraft:fly_one_cm":61545,"minecraft:open_chest":27,"minecraft:crouch_one_cm":727,"minecraft:play_time":169386,"minecraft:deaths":23,"minecraft:sneak_time":293,"minecraft:walk_under_water_one_cm":29470,"minecraft:boat_one_cm":119986,"minecraft:jump":1399,"minecraft:fall_one_cm":27043,"minecraft:walk_on_water_one_cm":22589,"minecraft:total_world_time":169386},"minecraft:broken":{"minecraft:stone_pickaxe":4,"minecraft:stone_axe":1,"minecraft:wooden_pickaxe":1},"minecraft:killed":{"greekfantasy:cyclops":1,"gnumus:gnumusworker":2,"alexsmobs:seal":1,"born_in_chaos_v1:zombieswith_door":1,"minecraft:sheep":4,"gnumus:marsupialmouse":1,"greekfantasy:baby_spider":1,"gnumus:gnumusnotdispawn":2},"minecraft:killed_by":{"greekfantasy:siren":1,"born_in_chaos_v1:bonescaller":1,"minecraft:zombie_villager":1,"born_in_chaos_v1:baby_s_2":1,"minecraft:creeper":1,"greekfantasy:baby_spider":3,"gnumus:pitchermouse":1,"gnumus:gnumusnotdispawn":1,"hmag:zombie_girl":2,"alexsmobs:bison":1,"born_in_chaos_v1:fallen_chaos_knight":1,"hmag:creeper_girl":1,"minecraft:elder_guardian":2,"greekfantasy:arachne":3,"born_in_chaos_v1:shy_spirit":1},"minecraft:picked_up":{"minecraft:birch_log":7,"minecraft:crafting_table":1,"greekfantasy:bronze_shield":1,"minecraft:azure_bluet":1,"minecraft:feather":1,"minecraft:flower_pot":1,"minecraft:glow_ink_sac":1,"minecraft:chest_minecart":2,"minecraft:leather":1,"gnumus:gnumus_claw":2,"gnumus:gnumus_pouch":2,"minecraft:oak_stairs":1,"minecraft:brown_bed":1,"minecraft:cooked_rabbit":3,"minecraft:flint":2,"minecraft:oak_log":117,"gravestone:obituary":2,"minecraft:yellow_bed":3,"minecraft:gunpowder":2,"minecraft:string":6,"minecraft:dirt":129,"minecraft:raw_copper":46,"gnumus:gnumus_pouch_2":2,"born_in_chaos_v1:monster_skin":2,"minecraft:bone":10,"minecraft:apple":7,"minecraft:wheat_seeds":1,"alexsmobs:cockroach_wing_fragment":1,"hmag:bat_wing":1,"minecraft:oak_boat":3,"minecraft:rabbit":6,"minecraft:birch_sapling":9,"minecraft:oak_planks":15,"minecraft:egg":1,"minecraft:stick":33,"minecraft:raw_iron":9,"hmag:soul_powder":3,"greekfantasy:bronze_goblet":1,"minecraft:torch":11,"minecraft:gravel":37,"greekfantasy:bronze_cuirass":1,"minecraft:white_bed":3,"minecraft:arrow":9,"minecraft:rotten_flesh":2,"gnumus:gnumus_clay":23,"greekfantasy:marble":32,"minecraft:hay_block":30,"minecraft:red_tulip":1,"minecraft:bone_meal":1,"greekfantasy:bronze_nugget":2,"minecraft:rail":5,"minecraft:oak_sapling":60,"gnumus:mouse_skin":9,"minecraft:coal":22,"minecraft:mutton":6,"minecraft:cod":1,"alexsmobs:lobster_tail":1,"minecraft:white_wool":4,"minecraft:cobblestone":524},"minecraft:used":{"minecraft:stone_sword":80,"minecraft:stone_pickaxe":598,"minecraft:oak_planks":1,"minecraft:chest":2,"minecraft:wooden_pickaxe":69,"minecraft:torch":5,"minecraft:rail":2,"minecraft:dirt":13,"minecraft:mutton":4,"minecraft:crafting_table":7,"minecraft:white_bed":3,"minecraft:flower_pot":1,"minecraft:oak_stairs":33,"minecraft:stone_axe":186,"minecraft:cobblestone":23,"minecraft:brown_bed":1,"minecraft:chest_minecart":2,"minecraft:egg":1,"minecraft:oak_boat":4,"minecraft:yellow_bed":2},"minecraft:mined":{"minecraft:white_bed":3,"minecraft:crafting_table":1,"gravestone:gravestone":16,"minecraft:grass_block":16,"minecraft:copper_ore":18,"minecraft:tall_grass":6,"minecraft:cobblestone":1,"minecraft:oak_planks":15,"minecraft:hay_block":30,"minecraft:birch_log":7,"minecraft:iron_ore":8,"minecraft:yellow_bed":3,"minecraft:brown_bed":1,"greekfantasy:marble":32,"minecraft:grass":15,"minecraft:coal_ore":19,"minecraft:oak_log":126,"minecraft:oak_stairs":1,"minecraft:gravel":38,"minecraft:dirt":81,"minecraft:cobweb":2,"gnumus:fragile_gnumus_jug":1,"minecraft:potted_red_tulip":1,"minecraft:stone":546,"minecraft:oak_leaves":14,"minecraft:fern":1}},"DataVersion":3120}