{"stats":{"minecraft:dropped":{"minecraft:stone_pickaxe":1},"minecraft:crafted":{"minecraft:oak_planks":432,"minecraft:crafting_table":4,"minecraft:wooden_pickaxe":2,"minecraft:birch_planks":26,"minecraft:stone_axe":2,"minecraft:oak_boat":1,"minecraft:stick":264,"minecraft:stone_pickaxe":3,"minecraft:stone_sword":2,"minecraft:chest":2},"minecraft:custom":{"minecraft:mob_kills":3,"minecraft:interact_with_crafting_table":19,"minecraft:pot_flower":1,"minecraft:damage_dealt_resisted":326,"minecraft:leave_game":3,"minecraft:time_since_death":3272,"minecraft:sleep_in_bed":2,"minecraft:time_since_rest":3347,"minecraft:sprint_one_cm":126235,"minecraft:damage_taken":2320,"minecraft:walk_one_cm":427512,"minecraft:drop":1,"minecraft:damage_dealt":877,"minecraft:swim_one_cm":17656,"minecraft:fly_one_cm":20946,"minecraft:open_chest":14,"minecraft:crouch_one_cm":684,"minecraft:play_time":85074,"minecraft:deaths":9,"minecraft:sneak_time":267,"minecraft:walk_under_water_one_cm":13365,"minecraft:boat_one_cm":64465,"minecraft:jump":708,"minecraft:walk_on_water_one_cm":15685,"minecraft:total_world_time":85074,"minecraft:fall_one_cm":10878},"minecraft:broken":{"minecraft:stone_pickaxe":1,"minecraft:stone_axe":1},"minecraft:killed":{"born_in_chaos_v1:zombieswith_door":1,"minecraft:sheep":1,"gnumus:marsupialmouse":1},"minecraft:killed_by":{"born_in_chaos_v1:bonescaller":1,"greekfantasy:siren":1,"minecraft:zombie_villager":1,"born_in_chaos_v1:baby_s_2":1,"gnumus:gnumusnotdispawn":1,"hmag:zombie_girl":2,"born_in_chaos_v1:fallen_chaos_knight":1,"born_in_chaos_v1:shy_spirit":1},"minecraft:picked_up":{"minecraft:birch_log":7,"minecraft:crafting_table":1,"minecraft:azure_bluet":1,"minecraft:flower_pot":1,"minecraft:glow_ink_sac":1,"minecraft:brown_bed":1,"minecraft:oak_log":112,"minecraft:yellow_bed":1,"minecraft:dirt":64,"born_in_chaos_v1:monster_skin":1,"minecraft:bone":6,"minecraft:apple":5,"minecraft:oak_boat":1,"minecraft:birch_sapling":3,"minecraft:egg":1,"minecraft:stick":33,"minecraft:gravel":1,"minecraft:white_bed":2,"minecraft:arrow":3,"minecraft:rotten_flesh":2,"minecraft:hay_block":30,"minecraft:red_tulip":1,"minecraft:oak_sapling":53,"gnumus:mouse_skin":1,"minecraft:cobblestone":154},"minecraft:used":{"minecraft:stone_sword":28,"minecraft:stone_pickaxe":143,"minecraft:chest":2,"minecraft:wooden_pickaxe":10,"minecraft:dirt":6,"minecraft:crafting_table":5,"minecraft:white_bed":2,"minecraft:flower_pot":1,"minecraft:stone_axe":186,"minecraft:cobblestone":5,"minecraft:yellow_bed":1,"minecraft:oak_boat":1,"minecraft:egg":1,"minecraft:brown_bed":1},"minecraft:mined":{"minecraft:white_bed":2,"minecraft:crafting_table":1,"gravestone:gravestone":6,"minecraft:grass_block":16,"minecraft:tall_grass":2,"minecraft:hay_block":30,"minecraft:birch_log":7,"minecraft:yellow_bed":1,"minecraft:brown_bed":1,"minecraft:grass":1,"minecraft:oak_log":126,"minecraft:dirt":16,"minecraft:stone":149,"minecraft:potted_red_tulip":1,"minecraft:oak_leaves":13,"minecraft:fern":1}},"DataVersion":3120}