{"stats":{"minecraft:dropped":{"gravestone:obituary":2},"minecraft:crafted":{"minecraft:oak_planks":24,"minecraft:wooden_hoe":1,"minecraft:crafting_table":3,"minecraft:stick":8,"minecraft:wooden_pickaxe":2,"minecraft:stone_pickaxe":1,"minecraft:stone_sword":1,"minecraft:stone_axe":1},"minecraft:custom":{"minecraft:time_since_rest":1599,"minecraft:interact_with_furnace":2,"minecraft:sprint_one_cm":99125,"minecraft:damage_taken":1001,"minecraft:walk_one_cm":77115,"minecraft:mob_kills":2,"minecraft:drop":2,"minecraft:damage_dealt":777,"minecraft:swim_one_cm":11998,"minecraft:interact_with_crafting_table":6,"minecraft:fly_one_cm":122077,"minecraft:open_chest":7,"minecraft:crouch_one_cm":1252,"minecraft:play_time":27524,"minecraft:deaths":2,"minecraft:sneak_time":646,"minecraft:walk_under_water_one_cm":2149,"minecraft:jump":490,"minecraft:leave_game":3,"minecraft:time_since_death":1527,"minecraft:walk_on_water_one_cm":2983,"minecraft:sleep_in_bed":1,"minecraft:total_world_time":27524,"minecraft:fall_one_cm":12518},"minecraft:broken":{"minecraft:stone_axe":1},"minecraft:killed":{"dungeons_mod:leniador":1},"minecraft:killed_by":{"born_in_chaos_v1:pumpkin_spirit":1,"greekfantasy:cyclops":1},"minecraft:picked_up":{"minecraft:birch_log":25,"minecraft:stick":36,"minecraft:wheat":37,"hmag:soul_powder":2,"greekfantasy:white_terracotta_vase":2,"minecraft:oak_log":95,"gravestone:obituary":1,"minecraft:iron_axe":1,"minecraft:dirt":1,"minecraft:cooked_mutton":4,"minecraft:rotten_flesh":4,"minecraft:apple":10,"minecraft:wheat_seeds":102,"minecraft:oak_sapling":40,"minecraft:birch_sapling":7,"minecraft:cobblestone":11},"minecraft:used":{"minecraft:wheat_seeds":39,"minecraft:cooked_mutton":3,"minecraft:wooden_hoe":2,"minecraft:stone_sword":13,"minecraft:apple":6,"greekfantasy:white_terracotta_vase":2,"minecraft:stone_pickaxe":9,"minecraft:wooden_pickaxe":6,"minecraft:stone_axe":149,"minecraft:dirt":1,"minecraft:cobblestone":3,"minecraft:crafting_table":3,"alexsmobs:animal_dictionary":1},"minecraft:mined":{"greekfantasy:white_terracotta_vase":2,"minecraft:birch_log":25,"minecraft:wheat":37,"gravestone:gravestone":2,"minecraft:grass":4,"minecraft:oak_log":97,"minecraft:dirt":1,"minecraft:tall_grass":3,"minecraft:stone":12,"minecraft:oak_leaves":9}},"DataVersion":3120}