{"stats":{"minecraft:dropped":{"gravestone:obituary":1},"minecraft:custom":{"minecraft:jump":76,"minecraft:open_chest":1,"minecraft:time_since_rest":297,"minecraft:deaths":1,"minecraft:damage_dealt":45,"minecraft:crouch_one_cm":78,"minecraft:damage_taken":390,"minecraft:sprint_one_cm":15642,"minecraft:play_time":4526,"minecraft:time_since_death":268,"minecraft:walk_one_cm":7411,"minecraft:sneak_time":57,"minecraft:total_world_time":4526,"minecraft:mob_kills":1,"minecraft:drop":1,"minecraft:fall_one_cm":3102,"minecraft:fly_one_cm":17759,"minecraft:leave_game":1},"minecraft:picked_up":{"hmag:soul_powder":2},"minecraft:killed_by":{"born_in_chaos_v1:pumpkin_spirit":1},"minecraft:used":{"alexsmobs:animal_dictionary":1}},"DataVersion":3120}