{"stats":{"minecraft:dropped":{"gravestone:obituary":1},"minecraft:crafted":{"minecraft:oak_planks":20,"minecraft:wooden_hoe":1,"minecraft:crafting_table":2,"minecraft:stick":8,"minecraft:wooden_pickaxe":1,"minecraft:stone_pickaxe":1,"minecraft:stone_axe":1},"minecraft:custom":{"minecraft:time_since_rest":1559,"minecraft:sprint_one_cm":86404,"minecraft:damage_taken":635,"minecraft:walk_one_cm":65400,"minecraft:mob_kills":1,"minecraft:drop":1,"minecraft:damage_dealt":277,"minecraft:swim_one_cm":11998,"minecraft:interact_with_crafting_table":4,"minecraft:fly_one_cm":112227,"minecraft:open_chest":6,"minecraft:crouch_one_cm":750,"minecraft:play_time":23421,"minecraft:deaths":1,"minecraft:sneak_time":472,"minecraft:walk_under_water_one_cm":2149,"minecraft:jump":449,"minecraft:walk_on_water_one_cm":2983,"minecraft:leave_game":2,"minecraft:time_since_death":19163,"minecraft:sleep_in_bed":1,"minecraft:total_world_time":23421,"minecraft:fall_one_cm":11473},"minecraft:broken":{"minecraft:stone_axe":1},"minecraft:killed_by":{"born_in_chaos_v1:pumpkin_spirit":1},"minecraft:picked_up":{"minecraft:birch_log":25,"minecraft:stick":36,"minecraft:wheat":37,"hmag:soul_powder":2,"greekfantasy:white_terracotta_vase":2,"minecraft:oak_log":95,"minecraft:cooked_mutton":4,"minecraft:rotten_flesh":4,"minecraft:apple":10,"minecraft:wheat_seeds":102,"minecraft:oak_sapling":40,"minecraft:birch_sapling":7,"minecraft:cobblestone":6},"minecraft:used":{"minecraft:cooked_mutton":3,"minecraft:wheat_seeds":39,"minecraft:wooden_hoe":2,"minecraft:apple":5,"greekfantasy:white_terracotta_vase":2,"minecraft:stone_pickaxe":2,"minecraft:wooden_pickaxe":6,"minecraft:stone_axe":149,"minecraft:crafting_table":2,"alexsmobs:animal_dictionary":1},"minecraft:mined":{"greekfantasy:white_terracotta_vase":2,"minecraft:birch_log":25,"minecraft:wheat":37,"gravestone:gravestone":1,"minecraft:grass":3,"minecraft:oak_log":97,"minecraft:tall_grass":3,"minecraft:stone":6,"minecraft:oak_leaves":8}},"DataVersion":3120}