{"stats":{"minecraft:dropped":{"gravestone:obituary":1},"minecraft:crafted":{"minecraft:oak_planks":16,"minecraft:crafting_table":1,"minecraft:stick":4,"minecraft:wooden_pickaxe":1,"minecraft:stone_pickaxe":1},"minecraft:custom":{"minecraft:time_since_rest":3919,"minecraft:open_chest":1,"minecraft:crouch_one_cm":334,"minecraft:sprint_one_cm":24221,"minecraft:play_time":8148,"minecraft:deaths":1,"minecraft:damage_taken":420,"minecraft:walk_one_cm":12783,"minecraft:sneak_time":237,"minecraft:mob_kills":1,"minecraft:drop":1,"minecraft:jump":124,"minecraft:damage_dealt":45,"minecraft:leave_game":1,"minecraft:time_since_death":3890,"minecraft:total_world_time":8148,"minecraft:interact_with_crafting_table":3,"minecraft:fall_one_cm":5041,"minecraft:fly_one_cm":25282},"minecraft:killed_by":{"born_in_chaos_v1:pumpkin_spirit":1},"minecraft:picked_up":{"hmag:soul_powder":2,"minecraft:oak_log":4,"minecraft:oak_sapling":1,"minecraft:cobblestone":6},"minecraft:used":{"minecraft:crafting_table":1,"alexsmobs:animal_dictionary":1,"minecraft:wooden_pickaxe":6},"minecraft:mined":{"minecraft:oak_log":4,"minecraft:stone":6,"minecraft:oak_leaves":2}},"DataVersion":3120}