{"stats":{"minecraft:picked_up":{"minecraft:crafting_table":3,"minecraft:jungle_log":4,"minecraft:leather":5,"minecraft:porkchop":7,"minecraft:oak_log":25,"minecraft:dirt":19,"minecraft:beef":10,"minecraft:bamboo":19,"minecraft:melon_slice":19,"minecraft:sugar_cane":29,"minecraft:chest":1,"minecraft:white_wool":9,"minecraft:cobblestone":27},"minecraft:used":{"minecraft:stone_sword":15,"minecraft:melon_slice":8,"minecraft:stone_pickaxe":21,"minecraft:wooden_pickaxe":6,"minecraft:stone_axe":37,"minecraft:dirt":14,"minecraft:crafting_table":4,"minecraft:jungle_door":1,"minecraft:white_bed":1},"minecraft:custom":{"minecraft:time_since_rest":0,"minecraft:sprint_one_cm":61244,"minecraft:damage_taken":60,"minecraft:walk_one_cm":39240,"minecraft:mob_kills":7,"minecraft:damage_dealt":680,"minecraft:interact_with_crafting_table":6,"minecraft:swim_one_cm":10915,"minecraft:fly_one_cm":46761,"minecraft:open_chest":2,"minecraft:crouch_one_cm":2659,"minecraft:play_time":17090,"minecraft:sneak_time":862,"minecraft:walk_under_water_one_cm":4443,"minecraft:jump":280,"minecraft:walk_on_water_one_cm":4402,"minecraft:time_since_death":17090,"minecraft:sleep_in_bed":1,"minecraft:climb_one_cm":2044,"minecraft:total_world_time":17090,"minecraft:fall_one_cm":4674},"minecraft:mined":{"minecraft:jungle_leaves":4,"minecraft:crafting_table":3,"minecraft:short_grass":3,"minecraft:grass_block":3,"minecraft:oak_log":25,"minecraft:melon":4,"minecraft:chest":1,"minecraft:jungle_log":4,"minecraft:dirt":16,"minecraft:bamboo":2,"minecraft:stone":27,"minecraft:sugar_cane":11,"minecraft:oak_leaves":10},"minecraft:crafted":{"minecraft:oak_planks":8,"minecraft:jungle_door":3,"minecraft:crafting_table":1,"minecraft:stick":14,"minecraft:wooden_pickaxe":1,"minecraft:stone_pickaxe":1,"minecraft:stone_sword":1,"minecraft:white_bed":1,"minecraft:stone_axe":1,"minecraft:shears":1,"minecraft:jungle_planks":16},"minecraft:killed":{"minecraft:pig":3,"minecraft:cow":4}},"DataVersion":3953}