{"stats":{"minecraft:crafted":{"minecraft:cooked_beef":7,"minecraft:oak_door":3,"minecraft:oak_planks":40,"minecraft:raw_iron":9,"minecraft:diamond_sword":1,"minecraft:cooked_porkchop":7,"minecraft:crafting_table":2,"minecraft:wooden_pickaxe":1,"minecraft:furnace":2,"minecraft:bucket":1,"minecraft:stone_axe":1,"minecraft:cooked_mutton":4,"minecraft:air":0,"minecraft:shield":1,"minecraft:stick":24,"minecraft:iron_ingot":6,"minecraft:iron_pickaxe":1,"minecraft:stone_pickaxe":3,"minecraft:stone_sword":1,"minecraft:white_bed":1,"minecraft:torch":36,"minecraft:shears":1},"minecraft:mined":{"minecraft:tuff":52,"minecraft:deepslate_diamond_ore":66,"minecraft:jungle_leaves":1,"minecraft:dandelion":1,"minecraft:crafting_table":3,"minecraft:torch":4,"minecraft:short_grass":5,"minecraft:melon":9,"minecraft:cobblestone":1,"minecraft:deepslate_gold_ore":4,"minecraft:diorite":3,"minecraft:wall_torch":1,"minecraft:raw_iron_block":1,"minecraft:furnace":1,"minecraft:iron_ore":15,"minecraft:deepslate_lapis_ore":5,"minecraft:oak_log":10,"minecraft:coal_ore":58,"minecraft:deepslate_iron_ore":71,"minecraft:gravel":9,"minecraft:dirt":3,"minecraft:stone":76,"minecraft:deepslate":56,"minecraft:oak_leaves":5,"minecraft:fern":1},"minecraft:used":{"minecraft:cooked_mutton":3,"minecraft:water_bucket":32,"minecraft:jungle_leaves":1,"minecraft:diorite":3,"minecraft:stone_sword":59,"minecraft:stone_pickaxe":151,"minecraft:wooden_pickaxe":14,"minecraft:shield":52,"minecraft:oak_door":1,"minecraft:torch":25,"minecraft:dirt":3,"minecraft:crafting_table":5,"minecraft:white_bed":1,"minecraft:tuff":49,"minecraft:shears":1,"minecraft:iron_pickaxe":244,"minecraft:gravel":14,"minecraft:stone_axe":21,"minecraft:diamond_sword":92,"minecraft:cobblestone":46,"minecraft:furnace":2,"minecraft:cooked_porkchop":7,"minecraft:bucket":33,"minecraft:cooked_beef":7,"minecraft:cobbled_deepslate":77,"minecraft:dandelion":1},"minecraft:broken":{"minecraft:stone_pickaxe":1},"minecraft:custom":{"minecraft:interact_with_furnace":11,"minecraft:mob_kills":51,"minecraft:interact_with_crafting_table":14,"minecraft:time_since_death":71314,"minecraft:sleep_in_bed":1,"minecraft:climb_one_cm":4858,"minecraft:time_since_rest":58445,"minecraft:sprint_one_cm":157355,"minecraft:damage_taken":1140,"minecraft:walk_one_cm":205257,"minecraft:damage_blocked_by_shield":1372,"minecraft:drop":7,"minecraft:damage_dealt":8286,"minecraft:swim_one_cm":5756,"minecraft:fly_one_cm":150602,"minecraft:crouch_one_cm":17005,"minecraft:play_time":71314,"minecraft:sneak_time":6459,"minecraft:walk_under_water_one_cm":11802,"minecraft:jump":1465,"minecraft:walk_on_water_one_cm":25211,"minecraft:total_world_time":71314,"minecraft:fall_one_cm":30055},"minecraft:picked_up":{"minecraft:crafting_table":3,"minecraft:leather":1,"minecraft:flint":1,"minecraft:tuff":49,"minecraft:oak_log":10,"minecraft:gunpowder":4,"minecraft:lapis_lazuli":26,"minecraft:dirt":3,"minecraft:string":2,"minecraft:bone":12,"minecraft:cobbled_deepslate":77,"minecraft:raw_gold":4,"minecraft:iron_ingot":4,"minecraft:beef":7,"minecraft:melon_slice":49,"minecraft:furnace":1,"minecraft:stick":1,"minecraft:raw_iron":91,"minecraft:oak_door":2,"minecraft:torch":5,"minecraft:dandelion":1,"minecraft:raw_iron_block":1,"minecraft:gravel":15,"minecraft:porkchop":14,"minecraft:diorite":3,"minecraft:jungle_leaves":1,"minecraft:arrow":10,"minecraft:rotten_flesh":19,"minecraft:diamond":66,"minecraft:mutton":7,"minecraft:coal":88,"minecraft:white_wool":9,"minecraft:cobblestone":79},"minecraft:dropped":{"minecraft:oak_door":2,"minecraft:cobblestone":3,"minecraft:rotten_flesh":19,"minecraft:stick":1,"minecraft:wooden_pickaxe":1},"minecraft:killed":{"minecraft:pig":6,"minecraft:zombie_villager":1,"minecraft:spider":1,"minecraft:creeper":3,"minecraft:sheep":6,"minecraft:skeleton":12,"minecraft:zombie":17,"minecraft:cow":3}},"DataVersion":3953}