{"stats":{"minecraft:picked_up":{"minecraft:bamboo":11,"minecraft:jungle_log":4,"minecraft:melon_slice":19},"minecraft:used":{"minecraft:melon_slice":1},"minecraft:custom":{"minecraft:jump":74,"minecraft:time_since_rest":5090,"minecraft:crouch_one_cm":1275,"minecraft:sprint_one_cm":14157,"minecraft:play_time":5090,"minecraft:damage_taken":10,"minecraft:time_since_death":5090,"minecraft:walk_one_cm":12544,"minecraft:sneak_time":275,"minecraft:climb_one_cm":1013,"minecraft:total_world_time":5090,"minecraft:fall_one_cm":2034,"minecraft:fly_one_cm":9334},"minecraft:crafted":{"minecraft:jungle_planks":16},"minecraft:mined":{"minecraft:bamboo":1,"minecraft:jungle_leaves":4,"minecraft:melon":4,"minecraft:jungle_log":4,"minecraft:oak_leaves":1}},"DataVersion":3953}