{"stats":{"minecraft:crafted":{"minecraft:cooked_beef":7,"minecraft:oak_door":3,"minecraft:oak_planks":40,"minecraft:cooked_porkchop":7,"minecraft:shield":1,"minecraft:crafting_table":1,"minecraft:stick":20,"minecraft:iron_ingot":1,"minecraft:wooden_pickaxe":1,"minecraft:stone_pickaxe":3,"minecraft:stone_sword":1,"minecraft:furnace":1,"minecraft:white_bed":1,"minecraft:torch":36,"minecraft:stone_axe":1,"minecraft:cooked_mutton":4,"minecraft:air":0},"minecraft:mined":{"minecraft:iron_ore":11,"minecraft:dandelion":1,"minecraft:crafting_table":1,"minecraft:short_grass":4,"minecraft:coal_ore":41,"minecraft:oak_log":10,"minecraft:dirt":3,"minecraft:cobblestone":1,"minecraft:stone":75,"minecraft:diorite":3,"minecraft:wall_torch":1,"minecraft:oak_leaves":4},"minecraft:used":{"minecraft:diorite":2,"minecraft:stone_sword":41,"minecraft:stone_pickaxe":117,"minecraft:wooden_pickaxe":14,"minecraft:oak_door":1,"minecraft:stone_axe":7,"minecraft:torch":2,"minecraft:dirt":3,"minecraft:cobblestone":42,"minecraft:crafting_table":2,"minecraft:furnace":1,"minecraft:cooked_porkchop":3,"minecraft:white_bed":1,"minecraft:dandelion":1},"minecraft:dropped":{"minecraft:stick":1},"minecraft:picked_up":{"minecraft:raw_iron":11,"minecraft:stick":1,"minecraft:crafting_table":1,"minecraft:leather":1,"minecraft:torch":1,"minecraft:dandelion":1,"minecraft:porkchop":14,"minecraft:oak_log":10,"minecraft:diorite":3,"minecraft:dirt":3,"minecraft:beef":7,"minecraft:mutton":5,"minecraft:coal":41,"minecraft:white_wool":5,"minecraft:cobblestone":76},"minecraft:custom":{"minecraft:time_since_rest":10445,"minecraft:interact_with_furnace":8,"minecraft:sprint_one_cm":56467,"minecraft:damage_taken":170,"minecraft:walk_one_cm":58309,"minecraft:mob_kills":16,"minecraft:drop":1,"minecraft:damage_dealt":1557,"minecraft:interact_with_crafting_table":10,"minecraft:fly_one_cm":65879,"minecraft:crouch_one_cm":5906,"minecraft:play_time":23314,"minecraft:sneak_time":2355,"minecraft:walk_under_water_one_cm":558,"minecraft:jump":440,"minecraft:walk_on_water_one_cm":607,"minecraft:time_since_death":23314,"minecraft:sleep_in_bed":1,"minecraft:total_world_time":23314,"minecraft:fall_one_cm":11556},"minecraft:killed":{"minecraft:sheep":5,"minecraft:zombie":1,"minecraft:pig":6,"minecraft:cow":3}},"DataVersion":3953}