{"stats":{"minecraft:picked_up":{"minecraft:raw_iron":3,"minecraft:crafting_table":4,"minecraft:pumpkin":14,"minecraft:jungle_log":4,"minecraft:leather":5,"minecraft:torch":1,"minecraft:acacia_wood":3,"minecraft:porkchop":22,"minecraft:oak_log":27,"minecraft:white_bed":1,"minecraft:dirt":20,"minecraft:acacia_door":1,"minecraft:rotten_flesh":1,"minecraft:beef":10,"minecraft:gray_wool":1,"minecraft:light_gray_wool":1,"minecraft:bamboo":19,"minecraft:melon_slice":19,"minecraft:sugar_cane":29,"minecraft:chest":3,"minecraft:coal":19,"minecraft:white_wool":29,"minecraft:cobblestone":30},"minecraft:used":{"minecraft:stone_sword":112,"minecraft:melon_slice":19,"minecraft:stone_pickaxe":49,"minecraft:wooden_pickaxe":6,"minecraft:stone_axe":68,"minecraft:cobblestone":17,"minecraft:dirt":14,"minecraft:crafting_table":4,"minecraft:jungle_door":1,"minecraft:white_bed":1},"minecraft:custom":{"minecraft:time_since_rest":11956,"minecraft:sprint_one_cm":124504,"minecraft:damage_taken":190,"minecraft:walk_one_cm":77238,"minecraft:mob_kills":16,"minecraft:drop":2,"minecraft:damage_dealt":1649,"minecraft:talked_to_villager":9,"minecraft:interact_with_crafting_table":6,"minecraft:swim_one_cm":14930,"minecraft:fly_one_cm":97084,"minecraft:open_chest":5,"minecraft:crouch_one_cm":3987,"minecraft:play_time":29090,"minecraft:sneak_time":1592,"minecraft:walk_under_water_one_cm":4903,"minecraft:jump":515,"minecraft:walk_on_water_one_cm":7618,"minecraft:time_since_death":29090,"minecraft:sleep_in_bed":1,"minecraft:climb_one_cm":2044,"minecraft:total_world_time":29090,"minecraft:fall_one_cm":8256},"minecraft:crafted":{"minecraft:oak_planks":8,"minecraft:jungle_door":3,"minecraft:crafting_table":1,"minecraft:stick":14,"minecraft:wooden_pickaxe":1,"minecraft:stone_pickaxe":1,"minecraft:stone_sword":1,"minecraft:white_bed":1,"minecraft:stone_axe":1,"minecraft:shears":1,"minecraft:jungle_planks":16},"minecraft:mined":{"minecraft:glass_pane":2,"minecraft:white_bed":1,"minecraft:iron_ore":3,"minecraft:fire":73,"minecraft:smoker":1,"minecraft:acacia_wood":3,"minecraft:jungle_leaves":4,"minecraft:pumpkin":14,"minecraft:crafting_table":4,"minecraft:short_grass":10,"minecraft:coal_ore":19,"minecraft:grass_block":4,"minecraft:oak_log":25,"minecraft:melon":4,"minecraft:chest":3,"minecraft:jungle_log":4,"minecraft:acacia_fence":4,"minecraft:dirt":17,"minecraft:cobblestone":2,"minecraft:bamboo":2,"minecraft:stone":30,"minecraft:sugar_cane":11,"minecraft:oak_leaves":10},"minecraft:dropped":{"minecraft:rotten_flesh":1,"minecraft:jungle_planks":1},"minecraft:killed":{"minecraft:zombie":2,"minecraft:pig":10,"minecraft:cow":4}},"DataVersion":3953}