{"stats":{"minecraft:crafted":{"minecraft:cooked_beef":7,"minecraft:oak_door":3,"minecraft:oak_planks":40,"minecraft:raw_iron":9,"minecraft:diamond_sword":1,"minecraft:cooked_porkchop":7,"minecraft:crafting_table":2,"minecraft:wooden_pickaxe":1,"minecraft:furnace":2,"minecraft:bucket":1,"minecraft:stone_axe":1,"minecraft:cooked_mutton":4,"minecraft:air":0,"minecraft:shield":1,"minecraft:stick":24,"minecraft:iron_ingot":6,"minecraft:iron_pickaxe":1,"minecraft:stone_pickaxe":3,"minecraft:stone_sword":1,"minecraft:white_bed":1,"minecraft:torch":36},"minecraft:mined":{"minecraft:tuff":32,"minecraft:deepslate_diamond_ore":23,"minecraft:dandelion":1,"minecraft:crafting_table":3,"minecraft:torch":4,"minecraft:short_grass":4,"minecraft:cobblestone":1,"minecraft:deepslate_gold_ore":4,"minecraft:diorite":3,"minecraft:wall_torch":1,"minecraft:raw_iron_block":1,"minecraft:furnace":1,"minecraft:iron_ore":12,"minecraft:deepslate_lapis_ore":5,"minecraft:oak_log":10,"minecraft:coal_ore":41,"minecraft:deepslate_iron_ore":71,"minecraft:gravel":8,"minecraft:dirt":3,"minecraft:stone":75,"minecraft:deepslate":45,"minecraft:oak_leaves":4},"minecraft:used":{"minecraft:water_bucket":11,"minecraft:diorite":3,"minecraft:stone_sword":59,"minecraft:stone_pickaxe":145,"minecraft:wooden_pickaxe":14,"minecraft:shield":10,"minecraft:oak_door":1,"minecraft:torch":10,"minecraft:dirt":3,"minecraft:crafting_table":5,"minecraft:white_bed":1,"minecraft:tuff":25,"minecraft:iron_pickaxe":155,"minecraft:gravel":14,"minecraft:stone_axe":9,"minecraft:diamond_sword":40,"minecraft:cobblestone":46,"minecraft:furnace":2,"minecraft:cooked_porkchop":7,"minecraft:bucket":12,"minecraft:cooked_beef":4,"minecraft:cobbled_deepslate":36,"minecraft:dandelion":1},"minecraft:broken":{"minecraft:stone_pickaxe":1},"minecraft:dropped":{"minecraft:stick":1,"minecraft:wooden_pickaxe":1},"minecraft:custom":{"minecraft:interact_with_furnace":11,"minecraft:mob_kills":35,"minecraft:interact_with_crafting_table":14,"minecraft:time_since_death":47314,"minecraft:sleep_in_bed":1,"minecraft:time_since_rest":34445,"minecraft:sprint_one_cm":94342,"minecraft:damage_taken":945,"minecraft:walk_one_cm":127386,"minecraft:damage_blocked_by_shield":250,"minecraft:drop":2,"minecraft:damage_dealt":4851,"minecraft:fly_one_cm":93656,"minecraft:crouch_one_cm":12970,"minecraft:play_time":47314,"minecraft:sneak_time":4578,"minecraft:walk_under_water_one_cm":1617,"minecraft:jump":836,"minecraft:walk_on_water_one_cm":9500,"minecraft:total_world_time":47314,"minecraft:fall_one_cm":23286},"minecraft:picked_up":{"minecraft:crafting_table":3,"minecraft:leather":1,"minecraft:flint":1,"minecraft:tuff":31,"minecraft:oak_log":10,"minecraft:gunpowder":2,"minecraft:lapis_lazuli":26,"minecraft:dirt":3,"minecraft:string":2,"minecraft:bone":3,"minecraft:cobbled_deepslate":45,"minecraft:raw_gold":4,"minecraft:iron_ingot":4,"minecraft:beef":7,"minecraft:furnace":1,"minecraft:stick":1,"minecraft:raw_iron":88,"minecraft:torch":5,"minecraft:dandelion":1,"minecraft:raw_iron_block":1,"minecraft:gravel":14,"minecraft:porkchop":14,"minecraft:diorite":3,"minecraft:arrow":1,"minecraft:rotten_flesh":9,"minecraft:diamond":23,"minecraft:mutton":5,"minecraft:coal":71,"minecraft:white_wool":5,"minecraft:cobblestone":76},"minecraft:killed":{"minecraft:pig":6,"minecraft:spider":1,"minecraft:creeper":2,"minecraft:sheep":5,"minecraft:skeleton":4,"minecraft:zombie":12,"minecraft:cow":3}},"DataVersion":3953}