{"stats":{"minecraft:crafted":{"minecraft:cooked_beef":7,"minecraft:oak_door":3,"minecraft:oak_planks":40,"minecraft:diamond_sword":1,"minecraft:cooked_porkchop":7,"minecraft:crafting_table":2,"minecraft:wooden_pickaxe":1,"minecraft:furnace":2,"minecraft:stone_axe":1,"minecraft:cooked_mutton":4,"minecraft:air":0,"minecraft:shield":1,"minecraft:stick":24,"minecraft:iron_ingot":6,"minecraft:iron_pickaxe":1,"minecraft:stone_pickaxe":3,"minecraft:stone_sword":1,"minecraft:white_bed":1,"minecraft:torch":36},"minecraft:used":{"minecraft:diorite":3,"minecraft:stone_sword":59,"minecraft:stone_pickaxe":141,"minecraft:wooden_pickaxe":14,"minecraft:shield":6,"minecraft:oak_door":1,"minecraft:torch":10,"minecraft:dirt":3,"minecraft:crafting_table":4,"minecraft:white_bed":1,"minecraft:tuff":6,"minecraft:iron_pickaxe":60,"minecraft:gravel":14,"minecraft:stone_axe":9,"minecraft:cobblestone":46,"minecraft:furnace":2,"minecraft:cooked_porkchop":5,"minecraft:cooked_beef":2,"minecraft:cobbled_deepslate":13,"minecraft:dandelion":1},"minecraft:mined":{"minecraft:tuff":6,"minecraft:deepslate_diamond_ore":2,"minecraft:dandelion":1,"minecraft:crafting_table":3,"minecraft:torch":4,"minecraft:short_grass":4,"minecraft:cobblestone":1,"minecraft:deepslate_gold_ore":2,"minecraft:diorite":3,"minecraft:wall_torch":1,"minecraft:furnace":1,"minecraft:iron_ore":12,"minecraft:deepslate_lapis_ore":5,"minecraft:oak_log":10,"minecraft:coal_ore":41,"minecraft:deepslate_iron_ore":49,"minecraft:gravel":8,"minecraft:dirt":3,"minecraft:stone":75,"minecraft:deepslate":18,"minecraft:oak_leaves":4},"minecraft:broken":{"minecraft:stone_pickaxe":1},"minecraft:dropped":{"minecraft:stick":1,"minecraft:wooden_pickaxe":1},"minecraft:custom":{"minecraft:interact_with_furnace":11,"minecraft:mob_kills":21,"minecraft:interact_with_crafting_table":13,"minecraft:time_since_death":35314,"minecraft:sleep_in_bed":1,"minecraft:time_since_rest":22445,"minecraft:sprint_one_cm":70863,"minecraft:damage_taken":515,"minecraft:walk_one_cm":92467,"minecraft:damage_blocked_by_shield":135,"minecraft:drop":2,"minecraft:damage_dealt":2481,"minecraft:fly_one_cm":74780,"minecraft:crouch_one_cm":8606,"minecraft:play_time":35314,"minecraft:sneak_time":3352,"minecraft:walk_under_water_one_cm":558,"minecraft:jump":594,"minecraft:walk_on_water_one_cm":1186,"minecraft:total_world_time":35314,"minecraft:fall_one_cm":18633},"minecraft:picked_up":{"minecraft:crafting_table":3,"minecraft:leather":1,"minecraft:flint":1,"minecraft:tuff":6,"minecraft:oak_log":10,"minecraft:lapis_lazuli":26,"minecraft:dirt":3,"minecraft:string":2,"minecraft:bone":1,"minecraft:cobbled_deepslate":18,"minecraft:raw_gold":2,"minecraft:iron_ingot":4,"minecraft:beef":7,"minecraft:furnace":1,"minecraft:stick":1,"minecraft:raw_iron":66,"minecraft:torch":5,"minecraft:dandelion":1,"minecraft:gravel":14,"minecraft:porkchop":14,"minecraft:diorite":3,"minecraft:arrow":1,"minecraft:rotten_flesh":2,"minecraft:diamond":2,"minecraft:mutton":5,"minecraft:coal":71,"minecraft:white_wool":5,"minecraft:cobblestone":76},"minecraft:killed":{"minecraft:pig":6,"minecraft:spider":1,"minecraft:sheep":5,"minecraft:skeleton":2,"minecraft:zombie":2,"minecraft:cow":3}},"DataVersion":3953}