{"stats":{"minecraft:crafted":{"minecraft:cooked_beef":7,"minecraft:oak_door":3,"minecraft:oak_planks":40,"minecraft:raw_iron":9,"minecraft:diamond_sword":1,"minecraft:cooked_porkchop":7,"minecraft:crafting_table":2,"minecraft:wooden_pickaxe":1,"minecraft:furnace":2,"minecraft:bucket":1,"minecraft:stone_axe":1,"minecraft:cooked_mutton":4,"minecraft:air":0,"minecraft:shield":1,"minecraft:stick":24,"minecraft:iron_ingot":6,"minecraft:iron_pickaxe":1,"minecraft:stone_pickaxe":3,"minecraft:stone_sword":1,"minecraft:white_bed":1,"minecraft:torch":36},"minecraft:mined":{"minecraft:tuff":52,"minecraft:deepslate_diamond_ore":62,"minecraft:dandelion":1,"minecraft:crafting_table":3,"minecraft:torch":4,"minecraft:short_grass":4,"minecraft:cobblestone":1,"minecraft:deepslate_gold_ore":4,"minecraft:diorite":3,"minecraft:wall_torch":1,"minecraft:raw_iron_block":1,"minecraft:furnace":1,"minecraft:iron_ore":12,"minecraft:deepslate_lapis_ore":5,"minecraft:oak_log":10,"minecraft:coal_ore":41,"minecraft:deepslate_iron_ore":71,"minecraft:gravel":8,"minecraft:dirt":3,"minecraft:stone":75,"minecraft:deepslate":54,"minecraft:oak_leaves":4},"minecraft:used":{"minecraft:cooked_mutton":1,"minecraft:water_bucket":27,"minecraft:diorite":3,"minecraft:stone_sword":59,"minecraft:stone_pickaxe":151,"minecraft:wooden_pickaxe":14,"minecraft:shield":48,"minecraft:oak_door":1,"minecraft:torch":25,"minecraft:dirt":3,"minecraft:crafting_table":5,"minecraft:white_bed":1,"minecraft:tuff":49,"minecraft:iron_pickaxe":217,"minecraft:gravel":14,"minecraft:stone_axe":9,"minecraft:diamond_sword":81,"minecraft:cobblestone":46,"minecraft:furnace":2,"minecraft:cooked_porkchop":7,"minecraft:bucket":28,"minecraft:cooked_beef":7,"minecraft:cobbled_deepslate":52,"minecraft:dandelion":1},"minecraft:broken":{"minecraft:stone_pickaxe":1},"minecraft:custom":{"minecraft:interact_with_furnace":11,"minecraft:mob_kills":48,"minecraft:interact_with_crafting_table":14,"minecraft:time_since_death":59314,"minecraft:sleep_in_bed":1,"minecraft:time_since_rest":46445,"minecraft:sprint_one_cm":118632,"minecraft:damage_taken":1085,"minecraft:walk_one_cm":170072,"minecraft:damage_blocked_by_shield":1290,"minecraft:drop":3,"minecraft:damage_dealt":7547,"minecraft:swim_one_cm":173,"minecraft:fly_one_cm":112635,"minecraft:crouch_one_cm":15696,"minecraft:play_time":59314,"minecraft:sneak_time":5567,"minecraft:walk_under_water_one_cm":8393,"minecraft:jump":1069,"minecraft:walk_on_water_one_cm":15293,"minecraft:total_world_time":59314,"minecraft:fall_one_cm":26087},"minecraft:picked_up":{"minecraft:crafting_table":3,"minecraft:leather":1,"minecraft:flint":1,"minecraft:tuff":49,"minecraft:oak_log":10,"minecraft:gunpowder":4,"minecraft:lapis_lazuli":26,"minecraft:dirt":3,"minecraft:string":2,"minecraft:bone":11,"minecraft:cobbled_deepslate":73,"minecraft:raw_gold":4,"minecraft:iron_ingot":4,"minecraft:beef":7,"minecraft:furnace":1,"minecraft:stick":1,"minecraft:raw_iron":88,"minecraft:oak_door":2,"minecraft:torch":5,"minecraft:dandelion":1,"minecraft:raw_iron_block":1,"minecraft:gravel":14,"minecraft:porkchop":14,"minecraft:diorite":3,"minecraft:arrow":8,"minecraft:rotten_flesh":19,"minecraft:diamond":62,"minecraft:mutton":5,"minecraft:coal":71,"minecraft:white_wool":5,"minecraft:cobblestone":76},"minecraft:dropped":{"minecraft:oak_door":2,"minecraft:stick":1,"minecraft:wooden_pickaxe":1},"minecraft:killed":{"minecraft:pig":6,"minecraft:zombie_villager":1,"minecraft:spider":1,"minecraft:creeper":2,"minecraft:sheep":5,"minecraft:skeleton":11,"minecraft:zombie":17,"minecraft:cow":3}},"DataVersion":3953}