{
  "minecraft:recipes/tools/fishing_rod": {
    "criteria": {
      "has_string": "2024-08-21 03:59:45 +0000"
    },
    "done": true
  },
  "greekfantasy:recipes/combat/iron_spear": {
    "criteria": {
      "has_ingredients": "2024-08-21 03:59:39 +0000"
    },
    "done": true
  },
  "minecraft:recipes/food/cooked_mutton_from_campfire_cooking": {
    "criteria": {
      "has_mutton": "2024-08-21 03:57:51 +0000"
    },
    "done": true
  },
  "incendium:technical/on_block": {
    "criteria": {
      "log_spam_fixer": "2024-08-21 04:04:10 +0000"
    },
    "done": false
  },
  "minecraft:recipes/building_blocks/purple_wool": {
    "criteria": {
      "has_white_wool": "2024-08-21 03:57:51 +0000"
    },
    "done": true
  },
  "diamethysts:weapons/diamethyst_lapis_scimitar": {
    "criteria": {
      "has_items": "2024-08-21 03:59:36 +0000"
    },
    "done": true
  },
  "minecraft:recipes/redstone/lever": {
    "criteria": {
      "has_cobblestone": "2024-08-21 03:50:15 +0000"
    },
    "done": true
  },
  "diamethysts:items/diamethyst_bow_upper_section": {
    "criteria": {
      "has_items": "2024-08-21 03:56:12 +0000"
    },
    "done": true
  },
  "infernalexp:recipes/redstone/smooth_glowstone_button": {
    "criteria": {
      "has_smooth_glowstone": "2024-08-21 03:45:42 +0000"
    },
    "done": true
  },
  "minecraft:recipes/building_blocks/cobblestone_stairs_from_cobblestone_stonecutting": {
    "criteria": {
      "has_cobblestone": "2024-08-21 03:50:15 +0000"
    },
    "done": true
  },
  "minecraft:recipes/combat/iron_sword": {
    "criteria": {
      "has_iron_ingot": "2024-08-21 03:59:39 +0000"
    },
    "done": true
  },
  "infernalexp:recipes/food/cooked_hogchop_campfire": {
    "criteria": {
      "has_hogchop": "2024-08-21 03:45:42 +0000"
    },
    "done": true
  },
  "greekfantasy:recipes/building_blocks/marble": {
    "criteria": {
      "has_ingredients": "2024-08-21 03:45:42 +0000"
    },
    "done": true
  },
  "minecraft:recipes/decorations/white_bed": {
    "criteria": {
      "has_white_wool": "2024-08-21 03:57:51 +0000"
    },
    "done": true
  },
  "diamethysts:items/diamethyst_lapis_bow_upper_section": {
    "criteria": {
      "has_items": "2024-08-21 03:56:12 +0000"
    },
    "done": true
  },
  "diamethysts:items/diamethyst_crystal": {
    "criteria": {
      "has_items": "2024-08-21 03:59:36 +0000"
    },
    "done": true
  },
  "minecraft:recipes/tools/iron_pickaxe": {
    "criteria": {
      "has_iron_ingot": "2024-08-21 03:59:39 +0000"
    },
    "done": true
  },
  "minecraft:recipes/combat/leather_helmet": {
    "criteria": {
      "has_leather": "2024-08-21 03:59:45 +0000"
    },
    "done": true
  },
  "greekfantasy:recipes/combat/iron_club": {
    "criteria": {
      "has_ingredients": "2024-08-21 03:59:39 +0000"
    },
    "done": true
  },
  "minecraft:recipes/decorations/campfire": {
    "criteria": {
      "has_stick": "2024-08-21 03:56:12 +0000"
    },
    "done": true
  },
  "minecraft:recipes/decorations/crafting_table": {
    "criteria": {
      "has_planks": "2024-08-21 03:57:22 +0000"
    },
    "done": true
  },
  "minecraft:recipes/decorations/candle": {
    "criteria": {
      "has_string": "2024-08-21 03:59:45 +0000"
    },
    "done": true
  },
  "minecraft:recipes/building_blocks/magenta_wool": {
    "criteria": {
      "has_white_wool": "2024-08-21 03:57:51 +0000"
    },
    "done": true
  },
  "diamethysts:items/diamethyst_gold_bow_upper_section": {
    "criteria": {
      "has_items": "2024-08-21 03:56:12 +0000"
    },
    "done": true
  },
  "diamethysts:items/chain_link_maker": {
    "criteria": {
      "has_items": "2024-08-21 03:59:36 +0000"
    },
    "done": true
  },
  "diamethysts:weapons/diamethyst_iron_bow": {
    "criteria": {
      "has_items": "2024-08-21 03:59:45 +0000"
    },
    "done": true
  },
  "minecraft:recipes/decorations/ladder": {
    "criteria": {
      "has_stick": "2024-08-21 03:56:12 +0000"
    },
    "done": true
  },
  "infernalexp:recipes/food/blindsight_tounge_stew": {
    "criteria": {
      "has_tongue": "2024-08-21 03:45:42 +0000",
      "has_crimson_fungus": "2024-08-21 03:45:42 +0000",
      "has_warped_fungus": "2024-08-21 03:45:42 +0000",
      "has_bowl": "2024-08-21 03:45:42 +0000",
      "has_luminous_fungus": "2024-08-21 03:45:42 +0000"
    },
    "done": true
  },
  "minecraft:recipes/misc/iron_nugget": {
    "criteria": {
      "has_iron_ingot": "2024-08-21 03:59:39 +0000"
    },
    "done": true
  },
  "minecraft:recipes/decorations/chest": {
    "criteria": {
      "has_lots_of_items": "2024-08-21 03:56:12 +0000"
    },
    "done": true
  },
  "greekfantasy:recipes/combat/stone_club": {
    "criteria": {
      "has_ingredients": "2024-08-21 03:50:15 +0000"
    },
    "done": true
  },
  "diamethysts:items/diamethyst_gold_chain": {
    "criteria": {
      "has_items": "2024-08-21 03:59:36 +0000"
    },
    "done": true
  },
  "minecraft:recipes/tools/wooden_shovel": {
    "criteria": {
      "has_stick": "2024-08-21 03:56:12 +0000"
    },
    "done": true
  },
  "diamethysts:weapons/diamethyst_emerald_scimitar": {
    "criteria": {
      "has_items": "2024-08-21 03:59:36 +0000"
    },
    "done": true
  },
  "minecraft:recipes/decorations/torch": {
    "criteria": {
      "has_stone_pickaxe": "2024-08-21 03:47:58 +0000"
    },
    "done": true
  },
  "diamethysts:items/diamethyst_iron_plate": {
    "criteria": {
      "has_items": "2024-08-21 03:59:39 +0000"
    },
    "done": true
  },
  "minecraft:recipes/building_blocks/cyan_wool": {
    "criteria": {
      "has_white_wool": "2024-08-21 03:57:51 +0000"
    },
    "done": true
  },
  "minecraft:recipes/misc/white_dye": {
    "criteria": {
      "has_bone_meal": "2024-08-21 04:03:18 +0000"
    },
    "done": true
  },
  "minecraft:recipes/tools/shears": {
    "criteria": {
      "has_iron_ingot": "2024-08-21 03:59:39 +0000"
    },
    "done": true
  },
  "infernalexp:recipes/combat/blindsight_tongue_whip": {
    "criteria": {
      "has_molten_gold_cluster": "2024-08-21 03:45:42 +0000"
    },
    "done": true
  },
  "minecraft:recipes/misc/stick": {
    "criteria": {
      "has_planks": "2024-08-21 03:57:22 +0000"
    },
    "done": true
  },
  "diamethysts:tools/diamethyst_iron_shovel": {
    "criteria": {
      "has_items": "2024-08-21 03:59:39 +0000"
    },
    "done": true
  },
  "diamethysts:items/diamethyst_emerald_bow_upper_section": {
    "criteria": {
      "has_items": "2024-08-21 03:56:12 +0000"
    },
    "done": true
  },
  "diamethysts:items/strung_diamond": {
    "criteria": {
      "has_items": "2024-08-21 03:59:45 +0000"
    },
    "done": true
  },
  "infernalexp:recipes/food/cooked_hogchop_smelting": {
    "criteria": {
      "has_hogchop": "2024-08-21 03:45:42 +0000"
    },
    "done": true
  },
  "minecraft:recipes/misc/firework_rocket_simple": {
    "criteria": {
      "has_gunpowder": "2024-08-21 03:59:51 +0000"
    },
    "done": true
  },
  "diamethysts:weapons/diamethyst_diamond_scimitar": {
    "criteria": {
      "has_items": "2024-08-21 03:59:36 +0000"
    },
    "done": true
  },
  "minecraft:recipes/food/cake": {
    "criteria": {
      "has_egg": "2024-08-21 03:57:51 +0000"
    },
    "done": true
  },
  "minecraft:recipes/building_blocks/gray_wool": {
    "criteria": {
      "has_white_wool": "2024-08-21 03:57:51 +0000"
    },
    "done": true
  },
  "minecraft:recipes/transportation/detector_rail": {
    "criteria": {
      "has_rail": "2024-08-21 03:59:31 +0000"
    },
    "done": true
  },
  "greekfantasy:recipes/combat/snakeskin_leggings": {
    "criteria": {
      "has_ingredients": "2024-08-21 04:03:18 +0000"
    },
    "done": true
  },
  "diamethysts:items/diamethyst_arrow": {
    "criteria": {
      "has_items": "2024-08-21 03:56:12 +0000"
    },
    "done": true
  },
  "diamethysts:tools/diamethyst_iron_axe": {
    "criteria": {
      "has_items": "2024-08-21 03:59:39 +0000"
    },
    "done": true
  },
  "minecraft:recipes/combat/iron_leggings": {
    "criteria": {
      "has_iron_ingot": "2024-08-21 03:59:39 +0000"
    },
    "done": true
  },
  "diamethysts:items/diamethyst_iron_arrow": {
    "criteria": {
      "has_items": "2024-08-21 03:59:39 +0000"
    },
    "done": true
  },
  "minecraft:recipes/tools/wooden_hoe": {
    "criteria": {
      "has_stick": "2024-08-21 03:56:12 +0000"
    },
    "done": true
  },
  "diamethysts:weapons/diamethyst_iron_battle_axe": {
    "criteria": {
      "has_items": "2024-08-21 03:59:39 +0000"
    },
    "done": true
  },
  "minecraft:recipes/combat/shield": {
    "criteria": {
      "has_iron_ingot": "2024-08-21 03:59:39 +0000"
    },
    "done": true
  },
  "minecraft:recipes/building_blocks/cobblestone_slab": {
    "criteria": {
      "has_cobblestone": "2024-08-21 03:50:15 +0000"
    },
    "done": true
  },
  "decorative_blocks:recipes/decorative_blocks.general/lattice": {
    "criteria": {
      "has_stick": "2024-08-21 03:56:12 +0000"
    },
    "done": true
  },
  "minecraft:recipes/misc/bucket": {
    "criteria": {
      "has_iron_ingot": "2024-08-21 03:59:39 +0000"
    },
    "done": true
  },
  "diamethysts:weapons/diamethyst_gold_bow": {
    "criteria": {
      "has_items": "2024-08-21 03:59:45 +0000"
    },
    "done": true
  },
  "minecraft:recipes/building_blocks/cobblestone_stairs": {
    "criteria": {
      "has_cobblestone": "2024-08-21 03:50:53 +0000"
    },
    "done": true
  },
  "minecraft:recipes/food/dried_kelp_from_smoking": {
    "criteria": {
      "has_kelp": "2024-08-21 03:57:51 +0000"
    },
    "done": true
  },
  "minecraft:recipes/redstone/hopper": {
    "criteria": {
      "has_iron_ingot": "2024-08-21 03:59:39 +0000"
    },
    "done": true
  },
  "decorative_blocks:recipes/decorative_blocks.general/oak_palisade": {
    "criteria": {
      "has_log": "2024-08-21 03:53:29 +0000"
    },
    "done": true
  },
  "diamethysts:items/diamethyst_lapis_arrow": {
    "criteria": {
      "has_items": "2024-08-21 03:59:38 +0000"
    },
    "done": true
  },
  "diamethysts:items/diamethyst_prismarine_bow_upper_section": {
    "criteria": {
      "has_items": "2024-08-21 03:56:12 +0000"
    },
    "done": true
  },
  "diamethysts:items/diamethyst_emerald_bow_lower_section": {
    "criteria": {
      "has_items": "2024-08-21 03:56:12 +0000"
    },
    "done": true
  },
  "diamethysts:items/diamethyst_knife": {
    "criteria": {
      "has_items": "2024-08-21 03:59:36 +0000"
    },
    "done": true
  },
  "minecraft:recipes/decorations/white_banner": {
    "criteria": {
      "has_white_wool": "2024-08-21 03:57:51 +0000"
    },
    "done": true
  },
  "incendium:technical/using/shield": {
    "criteria": {
      "log_spam_fixer": "2024-08-21 03:45:42 +0000"
    },
    "done": false
  },
  "minecraft:recipes/misc/leather_horse_armor": {
    "criteria": {
      "has_leather": "2024-08-21 03:59:45 +0000"
    },
    "done": true
  },
  "minecraft:recipes/combat/leather_leggings": {
    "criteria": {
      "has_leather": "2024-08-21 03:59:45 +0000"
    },
    "done": true
  },
  "minecraft:recipes/combat/iron_helmet": {
    "criteria": {
      "has_iron_ingot": "2024-08-21 03:59:39 +0000"
    },
    "done": true
  },
  "minecraft:recipes/combat/bow": {
    "criteria": {
      "has_string": "2024-08-21 03:59:45 +0000"
    },
    "done": true
  },
  "diamethysts:weapons/diamethyst_copper_bow": {
    "criteria": {
      "has_items": "2024-08-21 03:59:45 +0000"
    },
    "done": true
  },
  "minecraft:recipes/redstone/oak_fence_gate": {
    "criteria": {
      "has_planks": "2024-08-21 03:57:22 +0000"
    },
    "done": true
  },
  "minecraft:recipes/redstone/tnt": {
    "criteria": {
      "has_gunpowder": "2024-08-21 03:59:51 +0000"
    },
    "done": true
  },
  "diamethysts:items/diamethyst_copper_bow_upper_section": {
    "criteria": {
      "has_items": "2024-08-21 03:56:12 +0000"
    },
    "done": true
  },
  "incendium:technical/using/trailblazer": {
    "criteria": {
      "log_spam_fixer": "2024-08-21 03:45:42 +0000"
    },
    "done": false
  },
  "minecraft:recipes/decorations/iron_bars": {
    "criteria": {
      "has_iron_ingot": "2024-08-21 03:59:39 +0000"
    },
    "done": true
  },
  "incendium:technical/scroll_of_returning": {
    "criteria": {
      "log_spam_fixer": "2024-08-21 03:45:42 +0000"
    },
    "done": false
  },
  "minecraft:recipes/building_blocks/blue_wool": {
    "criteria": {
      "has_white_wool": "2024-08-21 03:57:51 +0000"
    },
    "done": true
  },
  "minecraft:story/mine_stone": {
    "criteria": {
      "get_stone": "2024-08-21 03:50:15 +0000"
    },
    "done": true
  },
  "minecraft:recipes/decorations/furnace": {
    "criteria": {
      "has_cobblestone": "2024-08-21 03:50:53 +0000"
    },
    "done": true
  },
  "diamethysts:tools/diamethyst_lapis_hoe": {
    "criteria": {
      "has_items": "2024-08-21 03:59:38 +0000"
    },
    "done": true
  },
  "minecraft:recipes/transportation/minecart": {
    "criteria": {
      "has_iron_ingot": "2024-08-21 03:59:39 +0000"
    },
    "done": true
  },
  "diamethysts:tools/diamethyst_lapis_shovel": {
    "criteria": {
      "has_items": "2024-08-21 03:59:38 +0000"
    },
    "done": true
  },
  "minecraft:recipes/misc/charcoal": {
    "criteria": {
      "has_log": "2024-08-21 03:53:29 +0000"
    },
    "done": true
  },
  "greekfantasy:recipes/misc/mysterious_box": {
    "criteria": {
      "has_ingredients": "2024-08-21 03:59:51 +0000"
    },
    "done": true
  },
  "greekfantasy:recipes/food/olive_salve_from_bone_meal": {
    "criteria": {
      "has_ingredients": "2024-08-21 04:03:18 +0000"
    },
    "done": true
  },
  "diamethysts:items/diamethyst_iron_hilt": {
    "criteria": {
      "has_items": "2024-08-21 03:59:39 +0000"
    },
    "done": true
  },
  "minecraft:recipes/building_blocks/orange_wool": {
    "criteria": {
      "has_white_wool": "2024-08-21 03:57:51 +0000"
    },
    "done": true
  },
  "infernalexp:recipes/food/cured_jerky": {
    "criteria": {
      "has_soul_salt_clump": "2024-08-21 03:45:42 +0000"
    },
    "done": true
  },
  "minecraft:recipes/tools/wooden_pickaxe": {
    "criteria": {
      "has_stick": "2024-08-21 03:56:12 +0000"
    },
    "done": true
  },
  "minecraft:recipes/tools/iron_hoe": {
    "criteria": {
      "has_iron_ingot": "2024-08-21 03:59:39 +0000"
    },
    "done": true
  },
  "minecraft:recipes/building_blocks/cobblestone_slab_from_cobblestone_stonecutting": {
    "criteria": {
      "has_cobblestone": "2024-08-21 03:50:53 +0000"
    },
    "done": true
  },
  "minecraft:recipes/food/dried_kelp_from_smelting": {
    "criteria": {
      "has_kelp": "2024-08-21 03:57:51 +0000"
    },
    "done": true
  },
  "minecraft:husbandry/root": {
    "criteria": {
      "consumed_item": "2024-08-21 03:45:58 +0000"
    },
    "done": true
  },
  "decorative_blocks:recipes/decorative_blocks.general/oak_support": {
    "criteria": {
      "has_plank": "2024-08-21 03:57:22 +0000"
    },
    "done": true
  },
  "infernalexp:recipes/redstone/basalt_button": {
    "criteria": {
      "has_basalt": "2024-08-21 03:45:42 +0000"
    },
    "done": true
  },
  "shieldexp:recipes/iron_shield": {
    "criteria": {
      "has_iron_ingot": "2024-08-21 03:59:39 +0000"
    },
    "done": true
  },
  "greekfantasy:recipes/combat/tipped_arrow_from_deadly_fang": {
    "criteria": {
      "has_ingredients": "2024-08-21 04:03:18 +0000"
    },
    "done": true
  },
  "minecraft:recipes/building_blocks/oak_stairs": {
    "criteria": {
      "has_planks": "2024-08-21 03:57:22 +0000"
    },
    "done": true
  },
  "minecraft:recipes/misc/copper_ingot_from_blasting_raw_copper": {
    "criteria": {
      "has_raw_copper": "2024-08-21 03:48:41 +0000"
    },
    "done": true
  },
  "minecraft:recipes/tools/iron_shovel": {
    "criteria": {
      "has_iron_ingot": "2024-08-21 03:59:39 +0000"
    },
    "done": true
  },
  "minecraft:recipes/redstone/iron_trapdoor": {
    "criteria": {
      "has_iron_ingot": "2024-08-21 03:59:39 +0000"
    },
    "done": true
  },
  "incendium:technical/inventory/firestorm": {
    "criteria": {
      "log_spam_fixer": "2024-08-21 04:04:10 +0000"
    },
    "done": false
  },
  "knight_quest:kq_quest_source": {
    "criteria": {
      "kq_quest_source": "2024-08-21 03:45:42 +0000"
    },
    "done": true
  },
  "minecraft:adventure/root": {
    "criteria": {
      "killed_by_something": "2024-08-21 03:48:47 +0000"
    },
    "done": true
  },
  "infernalexp:recipes/redstone/soul_slate_button": {
    "criteria": {
      "has_soul_slate": "2024-08-21 03:45:42 +0000"
    },
    "done": true
  },
  "greekfantasy:recipes/combat/stone_spear": {
    "criteria": {
      "has_ingredients": "2024-08-21 03:50:53 +0000"
    },
    "done": true
  },
  "decorative_blocks:recipes/decorative_blocks.general/birch_palisade": {
    "criteria": {
      "has_log": "2024-08-21 04:03:18 +0000"
    },
    "done": true
  },
  "diamethysts:tools/diamethyst_iron_hoe": {
    "criteria": {
      "has_items": "2024-08-21 03:59:39 +0000"
    },
    "done": true
  },
  "diamethysts:story/diamethyst_shard": {
    "criteria": {
      "diamethyst_shard": "2024-08-21 03:59:36 +0000"
    },
    "done": true
  },
  "minecraft:recipes/decorations/item_frame": {
    "criteria": {
      "has_leather": "2024-08-21 03:59:45 +0000"
    },
    "done": true
  },
  "shieldexp:recipes/wooden_shield": {
    "criteria": {
      "has_stick": "2024-08-21 03:56:12 +0000"
    },
    "done": true
  },
  "diamethysts:items/leather_bound_stick": {
    "criteria": {
      "has_items": "2024-08-21 03:56:12 +0000"
    },
    "done": true
  },
  "minecraft:recipes/tools/stone_hoe": {
    "criteria": {
      "has_cobblestone": "2024-08-21 03:50:15 +0000"
    },
    "done": true
  },
  "minecraft:recipes/building_blocks/white_wool_from_string": {
    "criteria": {
      "has_string": "2024-08-21 03:59:45 +0000"
    },
    "done": true
  },
  "minecraft:recipes/transportation/activator_rail": {
    "criteria": {
      "has_rail": "2024-08-21 03:59:31 +0000"
    },
    "done": true
  },
  "minecraft:recipes/combat/spectral_arrow": {
    "criteria": {
      "has_glowstone_dust": "2024-08-21 04:00:43 +0000"
    },
    "done": true
  },
  "incendium:technical/sentrys_wrath": {
    "criteria": {
      "log_spam_fixer": "2024-08-21 04:04:10 +0000"
    },
    "done": false
  },
  "minecraft:recipes/building_blocks/birch_wood": {
    "criteria": {
      "has_log": "2024-08-21 04:03:18 +0000"
    },
    "done": true
  },
  "minecraft:recipes/food/cooked_beef_from_smoking": {
    "criteria": {
      "has_beef": "2024-08-21 03:59:45 +0000"
    },
    "done": true
  },
  "minecraft:recipes/decorations/white_carpet": {
    "criteria": {
      "has_white_wool": "2024-08-21 03:57:51 +0000"
    },
    "done": true
  },
  "minecraft:recipes/food/cooked_mutton_from_smoking": {
    "criteria": {
      "has_mutton": "2024-08-21 03:57:51 +0000"
    },
    "done": true
  },
  "minecraft:recipes/decorations/chain": {
    "criteria": {
      "has_iron_ingot": "2024-08-21 03:59:39 +0000"
    },
    "done": true
  },
  "incendium:technical/feed_ghastling": {
    "criteria": {
      "log_spam_fixer": "2024-08-21 04:04:10 +0000"
    },
    "done": false
  },
  "minecraft:story/upgrade_tools": {
    "criteria": {
      "stone_pickaxe": "2024-08-21 03:47:58 +0000"
    },
    "done": true
  },
  "greekfantasy:recipes/building_blocks/ichor_infused_gearbox": {
    "criteria": {
      "has_ingredients": "2024-08-21 03:45:42 +0000"
    },
    "done": true
  },
  "alexsmobs:alexsmobs/root": {
    "criteria": {
      "useitem": "2024-08-21 03:45:58 +0000"
    },
    "done": true
  },
  "minecraft:recipes/misc/blue_dye": {
    "criteria": {
      "has_lapis_lazuli": "2024-08-21 03:59:38 +0000"
    },
    "done": true
  },
  "diamethysts:items/diamethyst_iron_bow_upper_section": {
    "criteria": {
      "has_items": "2024-08-21 03:56:12 +0000"
    },
    "done": true
  },
  "minecraft:recipes/decorations/oak_fence": {
    "criteria": {
      "has_planks": "2024-08-21 03:57:22 +0000"
    },
    "done": true
  },
  "greekfantasy:recipes/combat/greek_fire": {
    "criteria": {
      "has_ingredients": "2024-08-21 03:59:51 +0000"
    },
    "done": true
  },
  "infernalexp:recipes/redstone/soul_slate_pressure_plate": {
    "criteria": {
      "has_soul_slate": "2024-08-21 03:45:42 +0000"
    },
    "done": true
  },
  "astikorcarts:recipes/supply_cart": {
    "criteria": {
      "has_wheel": "2024-08-21 03:45:42 +0000"
    },
    "done": true
  },
  "minecraft:recipes/building_blocks/oak_slab": {
    "criteria": {
      "has_planks": "2024-08-21 03:57:22 +0000"
    },
    "done": true
  },
  "diamethysts:items/diamethyst_lapis_bow_lower_section": {
    "criteria": {
      "has_items": "2024-08-21 03:56:12 +0000"
    },
    "done": true
  },
  "immersive_armors:recipes/misc/wooden": {
    "criteria": {
      "has_item": "2024-08-21 03:53:29 +0000"
    },
    "done": true
  },
  "incendium:technical/on_inventory_change": {
    "criteria": {
      "log_spam_fixer": "2024-08-21 04:04:10 +0000"
    },
    "done": false
  },
  "diamethysts:weapons/diamethyst_copper_scimitar": {
    "criteria": {
      "has_items": "2024-08-21 03:59:36 +0000"
    },
    "done": true
  },
  "minecraft:recipes/building_blocks/raw_copper_block": {
    "criteria": {
      "has_raw_copper": "2024-08-21 03:48:41 +0000"
    },
    "done": true
  },
  "minecraft:recipes/tools/wooden_axe": {
    "criteria": {
      "has_stick": "2024-08-21 03:56:12 +0000"
    },
    "done": true
  },
  "minecraft:recipes/building_blocks/lime_wool": {
    "criteria": {
      "has_white_wool": "2024-08-21 03:57:51 +0000"
    },
    "done": true
  },
  "minecraft:recipes/building_blocks/black_wool": {
    "criteria": {
      "has_white_wool": "2024-08-21 03:57:51 +0000"
    },
    "done": true
  },
  "minecraft:recipes/decorations/loom": {
    "criteria": {
      "has_string": "2024-08-21 03:59:45 +0000"
    },
    "done": true
  },
  "minecraft:recipes/building_blocks/green_wool": {
    "criteria": {
      "has_white_wool": "2024-08-21 03:57:51 +0000"
    },
    "done": true
  },
  "diamethysts:weapons/diamethyst_emerald_bow": {
    "criteria": {
      "has_items": "2024-08-21 03:59:45 +0000"
    },
    "done": true
  },
  "minecraft:recipes/building_blocks/brown_wool": {
    "criteria": {
      "has_white_wool": "2024-08-21 03:57:51 +0000"
    },
    "done": true
  },
  "diamethysts:story/root": {
    "criteria": {
      "crafting_table": "2024-08-21 03:52:58 +0000"
    },
    "done": true
  },
  "decorative_blocks:recipes/decorative_blocks.general/rocky_dirt": {
    "criteria": {
      "has_dirt": "2024-08-21 03:51:47 +0000"
    },
    "done": true
  },
  "minecraft:recipes/building_blocks/iron_block": {
    "criteria": {
      "has_iron_ingot": "2024-08-21 03:59:39 +0000"
    },
    "done": true
  },
  "minecraft:recipes/decorations/light_gray_bed": {
    "criteria": {
      "has_light_gray_wool": "2024-08-21 03:57:51 +0000"
    },
    "done": true
  },
  "incendium:technical/inventory/sentrys_wrath": {
    "criteria": {
      "log_spam_fixer": "2024-08-21 04:04:10 +0000"
    },
    "done": false
  },
  "diamethysts:items/diamethyst_copper_bow_lower_section": {
    "criteria": {
      "has_items": "2024-08-21 03:56:12 +0000"
    },
    "done": true
  },
  "minecraft:recipes/decorations/painting": {
    "criteria": {
      "has_wool": "2024-08-21 03:57:51 +0000"
    },
    "done": true
  },
  "greekfantasy:recipes/building_blocks/limestone": {
    "criteria": {
      "has_ingredients": "2024-08-21 03:45:42 +0000"
    },
    "done": true
  },
  "minecraft:recipes/misc/red_dye_from_poppy": {
    "criteria": {
      "has_poppy": "2024-08-21 04:03:18 +0000"
    },
    "done": true
  },
  "diamethysts:weapons/diamethyst_prismarine_bow": {
    "criteria": {
      "has_items": "2024-08-21 03:59:45 +0000"
    },
    "done": true
  },
  "diamethysts:weapons/diamethyst_lapis_bow": {
    "criteria": {
      "has_items": "2024-08-21 03:59:45 +0000"
    },
    "done": true
  },
  "greekfantasy:recipes/combat/tipped_arrows_from_deadly_fangs": {
    "criteria": {
      "has_ingredients": "2024-08-21 04:03:18 +0000"
    },
    "done": true
  },
  "greekfantasy:recipes/combat/snakeskin_helmet": {
    "criteria": {
      "has_ingredients": "2024-08-21 04:03:18 +0000"
    },
    "done": true
  },
  "minecraft:recipes/combat/arrow": {
    "criteria": {
      "has_feather": "2024-08-21 03:59:44 +0000"
    },
    "done": true
  },
  "minecraft:recipes/building_blocks/coal_block": {
    "criteria": {
      "has_coal": "2024-08-21 03:59:31 +0000"
    },
    "done": true
  },
  "greekfantasy:recipes/misc/wooden_lyre": {
    "criteria": {
      "has_ingredients": "2024-08-21 03:59:45 +0000"
    },
    "done": true
  },
  "astikorcarts:recipes/plow": {
    "criteria": {
      "has_wheel": "2024-08-21 03:45:42 +0000"
    },
    "done": true
  },
  "minecraft:recipes/building_blocks/light_blue_wool": {
    "criteria": {
      "has_white_wool": "2024-08-21 03:57:51 +0000"
    },
    "done": true
  },
  "minecraft:recipes/tools/stone_shovel": {
    "criteria": {
      "has_cobblestone": "2024-08-21 03:50:15 +0000"
    },
    "done": true
  },
  "minecraft:recipes/combat/wooden_sword": {
    "criteria": {
      "has_stick": "2024-08-21 03:56:12 +0000"
    },
    "done": true
  },
  "minecraft:recipes/building_blocks/oak_planks": {
    "criteria": {
      "has_logs": "2024-08-21 03:53:29 +0000"
    },
    "done": true
  },
  "diamethysts:tools/diamethyst_iron_pickaxe": {
    "criteria": {
      "has_items": "2024-08-21 03:59:39 +0000"
    },
    "done": true
  },
  "minecraft:recipes/decorations/light_gray_banner": {
    "criteria": {
      "has_light_gray_wool": "2024-08-21 03:57:51 +0000"
    },
    "done": true
  },
  "immersive_armors:recipes/misc/bone": {
    "criteria": {
      "has_item": "2024-08-21 03:57:51 +0000"
    },
    "done": true
  },
  "diamethysts:items/diamethyst_dust": {
    "criteria": {
      "has_items": "2024-08-21 03:59:36 +0000"
    },
    "done": true
  },
  "minecraft:recipes/tools/iron_axe": {
    "criteria": {
      "has_iron_ingot": "2024-08-21 03:59:39 +0000"
    },
    "done": true
  },
  "minecraft:recipes/building_blocks/glowstone": {
    "criteria": {
      "has_glowstone_dust": "2024-08-21 04:00:43 +0000"
    },
    "done": true
  },
  "minecraft:recipes/redstone/tripwire_hook": {
    "criteria": {
      "has_string": "2024-08-21 03:59:45 +0000"
    },
    "done": true
  },
  "diamethysts:weapons/diamethyst_prismarine_scimitar": {
    "criteria": {
      "has_items": "2024-08-21 03:59:36 +0000"
    },
    "done": true
  },
  "minecraft:recipes/redstone/oak_pressure_plate": {
    "criteria": {
      "has_planks": "2024-08-21 03:57:22 +0000"
    },
    "done": true
  },
  "minecraft:recipes/combat/iron_boots": {
    "criteria": {
      "has_iron_ingot": "2024-08-21 03:59:39 +0000"
    },
    "done": true
  },
  "minecraft:recipes/misc/bone_meal": {
    "criteria": {
      "has_bone": "2024-08-21 03:57:51 +0000"
    },
    "done": true
  },
  "minecraft:recipes/building_blocks/birch_planks": {
    "criteria": {
      "has_logs": "2024-08-21 04:03:18 +0000"
    },
    "done": true
  },
  "decorative_blocks:recipes/decorative_blocks.general/chandelier": {
    "criteria": {
      "has_torch": "2024-08-21 03:59:33 +0000"
    },
    "done": true
  },
  "diamethysts:items/strung_emerald": {
    "criteria": {
      "has_items": "2024-08-21 03:59:45 +0000"
    },
    "done": true
  },
  "infernalexp:recipes/redstone/smooth_glowstone_pressure_plate": {
    "criteria": {
      "has_smooth_glowstone": "2024-08-21 03:45:42 +0000"
    },
    "done": true
  },
  "diamethysts:items/diamethyst_diamond_bow_upper_section": {
    "criteria": {
      "has_items": "2024-08-21 03:56:12 +0000"
    },
    "done": true
  },
  "usefulbackpacks:recipes/filter_configurator": {
    "criteria": {
      "has_wool": "2024-08-21 03:57:51 +0000"
    },
    "done": true
  },
  "greekfantasy:recipes/combat/winged_sandals": {
    "criteria": {
      "has_ingredients": "2024-08-21 03:59:44 +0000"
    },
    "done": true
  },
  "minecraft:recipes/building_blocks/oak_wood": {
    "criteria": {
      "has_log": "2024-08-21 03:53:29 +0000"
    },
    "done": true
  },
  "minecraft:story/root": {
    "criteria": {
      "crafting_table": "2024-08-21 03:52:58 +0000"
    },
    "done": true
  },
  "minecraft:recipes/combat/crossbow": {
    "criteria": {
      "has_stick": "2024-08-21 03:56:12 +0000"
    },
    "done": true
  },
  "minecraft:recipes/combat/iron_chestplate": {
    "criteria": {
      "has_iron_ingot": "2024-08-21 03:59:39 +0000"
    },
    "done": true
  },
  "diamethysts:items/diamethyst_bow_lower_section": {
    "criteria": {
      "has_items": "2024-08-21 03:56:12 +0000"
    },
    "done": true
  },
  "minecraft:recipes/building_blocks/yellow_wool": {
    "criteria": {
      "has_white_wool": "2024-08-21 03:57:51 +0000"
    },
    "done": true
  },
  "minecraft:recipes/decorations/oak_sign": {
    "criteria": {
      "has_planks": "2024-08-21 03:57:22 +0000"
    },
    "done": true
  },
  "minecraft:recipes/redstone/oak_trapdoor": {
    "criteria": {
      "has_planks": "2024-08-21 03:57:22 +0000"
    },
    "done": true
  },
  "betterdungeons:root": {
    "criteria": {
      "always": "2024-08-21 03:45:42 +0000"
    },
    "done": true
  },
  "decorative_blocks:recipes/decorative_blocks.general/oak_seat": {
    "criteria": {
      "has_plank": "2024-08-21 03:57:22 +0000"
    },
    "done": true
  },
  "minecraft:recipes/combat/leather_chestplate": {
    "criteria": {
      "has_leather": "2024-08-21 03:59:45 +0000"
    },
    "done": true
  },
  "infernalexp:recipes/building_blocks/glass": {
    "criteria": {
      "has_silt": "2024-08-21 03:45:42 +0000"
    },
    "done": true
  },
  "infernalexp:recipes/food/cooked_hogchop_smoking": {
    "criteria": {
      "has_hogchop": "2024-08-21 03:45:42 +0000"
    },
    "done": true
  },
  "minecraft:recipes/redstone/oak_button": {
    "criteria": {
      "has_planks": "2024-08-21 03:57:22 +0000"
    },
    "done": true
  },
  "incendium:technical/multiplex_crossbow": {
    "criteria": {
      "log_spam_fixer": "2024-08-21 04:04:10 +0000"
    },
    "done": false
  },
  "diamethysts:items/diamethyst_lapis_hilt": {
    "criteria": {
      "has_items": "2024-08-21 03:59:38 +0000"
    },
    "done": true
  },
  "diamethysts:items/diamethyst_iron_bow_lower_section": {
    "criteria": {
      "has_items": "2024-08-21 03:56:12 +0000"
    },
    "done": true
  },
  "infernalexp:recipes/combat/glowsilk_bow": {
    "criteria": {
      "has_glowsilk": "2024-08-21 03:45:42 +0000"
    },
    "done": true
  },
  "minecraft:recipes/building_blocks/stone": {
    "criteria": {
      "has_cobblestone": "2024-08-21 03:50:15 +0000"
    },
    "done": true
  },
  "incendium:technical/firestorm": {
    "criteria": {
      "log_spam_fixer": "2024-08-21 04:04:10 +0000"
    },
    "done": false
  },
  "diamethysts:items/diamethyst_gold_bow_lower_section": {
    "criteria": {
      "has_items": "2024-08-21 03:56:12 +0000"
    },
    "done": true
  },
  "diamethysts:weapons/diamethyst_iron_scimitar": {
    "criteria": {
      "has_items": "2024-08-21 03:59:36 +0000"
    },
    "done": true
  },
  "astikorcarts:recipes/animal_cart": {
    "criteria": {
      "has_wheel": "2024-08-21 03:45:42 +0000"
    },
    "done": true
  },
  "minecraft:recipes/food/cooked_beef": {
    "criteria": {
      "has_beef": "2024-08-21 03:59:45 +0000"
    },
    "done": true
  },
  "decorative_blocks:recipes/decorations/torch_from_chandelier": {
    "criteria": {
      "has_torch": "2024-08-21 03:59:33 +0000"
    },
    "done": true
  },
  "minecraft:adventure/adventuring_time": {
    "criteria": {
      "minecraft:forest": "2024-08-21 03:45:42 +0000",
      "minecraft:plains": "2024-08-21 03:46:38 +0000"
    },
    "done": false
  },
  "infernalexp:recipes/redstone/smooth_dullstone_button": {
    "criteria": {
      "has_smooth_dullstone": "2024-08-21 03:45:42 +0000"
    },
    "done": true
  },
  "minecraft:recipes/redstone/iron_door": {
    "criteria": {
      "has_iron_ingot": "2024-08-21 03:59:39 +0000"
    },
    "done": true
  },
  "greekfantasy:recipes/tools/staff_of_healing": {
    "criteria": {
      "has_ingredients": "2024-08-21 04:00:43 +0000"
    },
    "done": true
  },
  "incendium:technical/using/ragnarok": {
    "criteria": {
      "log_spam_fixer": "2024-08-21 03:45:42 +0000"
    },
    "done": false
  },
  "minecraft:recipes/misc/copper_ingot_from_smelting_raw_copper": {
    "criteria": {
      "has_raw_copper": "2024-08-21 03:48:41 +0000"
    },
    "done": true
  },
  "greekfantasy:recipes/combat/snakeskin_chestplate": {
    "criteria": {
      "has_ingredients": "2024-08-21 04:03:18 +0000"
    },
    "done": true
  },
  "diamethysts:weapons/diamethyst_lapis_battle_axe": {
    "criteria": {
      "has_items": "2024-08-21 03:59:38 +0000"
    },
    "done": true
  },
  "minecraft:recipes/combat/stone_sword": {
    "criteria": {
      "has_cobblestone": "2024-08-21 03:50:53 +0000"
    },
    "done": true
  },
  "minecraft:recipes/decorations/light_gray_carpet": {
    "criteria": {
      "has_light_gray_wool": "2024-08-21 03:57:51 +0000"
    },
    "done": true
  },
  "minecraft:recipes/decorations/cobblestone_wall": {
    "criteria": {
      "has_cobblestone": "2024-08-21 03:50:15 +0000"
    },
    "done": true
  },
  "minecraft:recipes/decorations/barrel": {
    "criteria": {
      "has_planks": "2024-08-21 03:57:22 +0000"
    },
    "done": true
  },
  "minecraft:recipes/transportation/powered_rail": {
    "criteria": {
      "has_rail": "2024-08-21 03:59:31 +0000"
    },
    "done": true
  },
  "incendium:technical/new_player": {
    "criteria": {
      "requirement": "2024-08-21 03:45:42 +0000"
    },
    "done": true
  },
  "minecraft:recipes/tools/stone_pickaxe": {
    "criteria": {
      "has_cobblestone": "2024-08-21 03:50:15 +0000"
    },
    "done": true
  },
  "minecraft:recipes/decorations/smithing_table": {
    "criteria": {
      "has_iron_ingot": "2024-08-21 03:59:39 +0000"
    },
    "done": true
  },
  "diamethysts:items/diamethyst_iron_chain": {
    "criteria": {
      "has_items": "2024-08-21 03:59:36 +0000"
    },
    "done": true
  },
  "incendium:technical/holy_wrath": {
    "criteria": {
      "log_spam_fixer": "2024-08-21 04:04:10 +0000"
    },
    "done": false
  },
  "minecraft:recipes/redstone/oak_door": {
    "criteria": {
      "has_planks": "2024-08-21 03:57:22 +0000"
    },
    "done": true
  },
  "minecraft:recipes/combat/leather_boots": {
    "criteria": {
      "has_leather": "2024-08-21 03:59:45 +0000"
    },
    "done": true
  },
  "minecraft:recipes/decorations/cobblestone_wall_from_cobblestone_stonecutting": {
    "criteria": {
      "has_cobblestone": "2024-08-21 03:50:15 +0000"
    },
    "done": true
  },
  "infernalexp:recipes/redstone/smooth_dimstone_button": {
    "criteria": {
      "has_smooth_dimstone": "2024-08-21 03:45:42 +0000"
    },
    "done": true
  },
  "incendium:technical/give_ghastling": {
    "criteria": {
      "log_spam_fixer": "2024-08-21 04:04:10 +0000"
    },
    "done": false
  },
  "minecraft:recipes/misc/black_dye": {
    "criteria": {
      "has_ink_sac": "2024-08-21 03:59:45 +0000"
    },
    "done": true
  },
  "diamethysts:tools/diamethyst_lapis_pickaxe": {
    "criteria": {
      "has_items": "2024-08-21 03:59:38 +0000"
    },
    "done": true
  },
  "incendium:technical/on_kill": {
    "criteria": {
      "log_spam_fixer": "2024-08-21 04:04:10 +0000"
    },
    "done": false
  },
  "minecraft:recipes/redstone/heavy_weighted_pressure_plate": {
    "criteria": {
      "has_iron_ingot": "2024-08-21 03:59:39 +0000"
    },
    "done": true
  },
  "minecraft:recipes/decorations/glow_item_frame": {
    "criteria": {
      "has_glow_ink_sac": "2024-08-21 03:57:51 +0000"
    },
    "done": true
  },
  "minecraft:recipes/building_blocks/pink_wool": {
    "criteria": {
      "has_white_wool": "2024-08-21 03:57:51 +0000"
    },
    "done": true
  },
  "incendium:technical/on_player_hurt": {
    "criteria": {
      "log_spam_fixer": "2024-08-21 04:04:10 +0000"
    },
    "done": false
  },
  "diamethysts:tools/diamethyst_lapis_axe": {
    "criteria": {
      "has_items": "2024-08-21 03:59:38 +0000"
    },
    "done": true
  },
  "diamethysts:items/diamethyst_diamond_bow_lower_section": {
    "criteria": {
      "has_items": "2024-08-21 03:56:12 +0000"
    },
    "done": true
  },
  "minecraft:recipes/food/dried_kelp_from_campfire_cooking": {
    "criteria": {
      "has_kelp": "2024-08-21 03:57:51 +0000"
    },
    "done": true
  },
  "minecraft:recipes/building_blocks/lapis_block": {
    "criteria": {
      "has_lapis_lazuli": "2024-08-21 03:59:38 +0000"
    },
    "done": true
  },
  "diamethysts:weapons/diamethyst_diamond_bow": {
    "criteria": {
      "has_items": "2024-08-21 03:59:45 +0000"
    },
    "done": true
  },
  "usefulbackpacks:recipes/backpack_small": {
    "criteria": {
      "has_wool": "2024-08-21 03:57:51 +0000"
    },
    "done": true
  },
  "diamethysts:items/diamethyst_prismarine_bow_lower_section": {
    "criteria": {
      "has_items": "2024-08-21 03:56:12 +0000"
    },
    "done": true
  },
  "dungeons_arise:wda_root": {
    "criteria": {
      "WDA": "2024-08-21 03:45:42 +0000"
    },
    "done": true
  },
  "astikorcarts:recipes/wheel": {
    "criteria": {
      "has_planks": "2024-08-21 03:57:22 +0000"
    },
    "done": true
  },
  "immersive_armors:recipes/misc/robe": {
    "criteria": {
      "has_item": "2024-08-21 03:57:51 +0000"
    },
    "done": true
  },
  "minecraft:recipes/decorations/lantern": {
    "criteria": {
      "has_iron_ingot": "2024-08-21 03:59:39 +0000"
    },
    "done": true
  },
  "infernalexp:recipes/redstone/polished_basalt_pressure_plate": {
    "criteria": {
      "has_polished_basalt": "2024-08-21 03:45:42 +0000"
    },
    "done": true
  },
  "decorative_blocks:recipes/decorative_blocks.general/bar_panel": {
    "criteria": {
      "has_ingot": "2024-08-21 03:59:39 +0000"
    },
    "done": true
  },
  "diamethysts:items/diamethyst_copper_chain": {
    "criteria": {
      "has_items": "2024-08-21 03:59:36 +0000"
    },
    "done": true
  },
  "diamethysts:weapons/diamethyst_gold_scimitar": {
    "criteria": {
      "has_items": "2024-08-21 03:59:36 +0000"
    },
    "done": true
  },
  "minecraft:recipes/food/cooked_beef_from_campfire_cooking": {
    "criteria": {
      "has_beef": "2024-08-21 03:59:45 +0000"
    },
    "done": true
  },
  "minecraft:recipes/building_blocks/light_gray_wool": {
    "criteria": {
      "has_white_wool": "2024-08-21 03:57:51 +0000"
    },
    "done": true
  },
  "diamethysts:weapons/diamethyst_bow": {
    "criteria": {
      "has_items": "2024-08-21 03:59:45 +0000"
    },
    "done": true
  },
  "minecraft:recipes/building_blocks/red_wool": {
    "criteria": {
      "has_white_wool": "2024-08-21 03:57:51 +0000"
    },
    "done": true
  },
  "minecraft:recipes/decorations/soul_campfire": {
    "criteria": {
      "has_stick": "2024-08-21 03:56:12 +0000"
    },
    "done": true
  },
  "minecraft:story/smelt_iron": {
    "criteria": {
      "iron": "2024-08-21 03:59:39 +0000"
    },
    "done": true
  },
  "minecraft:recipes/tools/stone_axe": {
    "criteria": {
      "has_cobblestone": "2024-08-21 03:50:15 +0000"
    },
    "done": true
  },
  "minecraft:recipes/food/cooked_mutton": {
    "criteria": {
      "has_mutton": "2024-08-21 03:57:51 +0000"
    },
    "done": true
  },
  "diamethysts:items/strung_lapis": {
    "criteria": {
      "has_items": "2024-08-21 03:59:38 +0000"
    },
    "done": true
  },
  "greekfantasy:recipes/combat/snakeskin_boots": {
    "criteria": {
      "has_ingredients": "2024-08-21 04:03:18 +0000"
    },
    "done": true
  },
  "minecraft:recipes/building_blocks/bone_block": {
    "criteria": {
      "has_bone_meal": "2024-08-21 04:03:18 +0000"
    },
    "done": true
  },
  "DataVersion": 3120
}