{
  "incendium:technical/on_block": {
    "criteria": {
      "log_spam_fixer": "2024-08-21 03:49:32 +0000"
    },
    "done": false
  },
  "minecraft:recipes/tools/wooden_axe": {
    "criteria": {
      "has_stick": "2024-08-21 03:38:07 +0000"
    },
    "done": true
  },
  "diamethysts:items/diamethyst_bow_upper_section": {
    "criteria": {
      "has_items": "2024-08-21 03:38:07 +0000"
    },
    "done": true
  },
  "minecraft:recipes/redstone/lever": {
    "criteria": {
      "has_cobblestone": "2024-08-21 03:38:19 +0000"
    },
    "done": true
  },
  "infernalexp:recipes/redstone/smooth_glowstone_button": {
    "criteria": {
      "has_smooth_glowstone": "2024-08-21 03:36:30 +0000"
    },
    "done": true
  },
  "minecraft:recipes/building_blocks/cobblestone_stairs_from_cobblestone_stonecutting": {
    "criteria": {
      "has_cobblestone": "2024-08-21 03:38:19 +0000"
    },
    "done": true
  },
  "infernalexp:recipes/food/cooked_hogchop_campfire": {
    "criteria": {
      "has_hogchop": "2024-08-21 03:36:30 +0000"
    },
    "done": true
  },
  "greekfantasy:recipes/building_blocks/marble": {
    "criteria": {
      "has_ingredients": "2024-08-21 03:36:30 +0000"
    },
    "done": true
  },
  "diamethysts:items/diamethyst_lapis_bow_upper_section": {
    "criteria": {
      "has_items": "2024-08-21 03:38:07 +0000"
    },
    "done": true
  },
  "minecraft:recipes/decorations/crafting_table": {
    "criteria": {
      "has_planks": "2024-08-21 03:37:50 +0000"
    },
    "done": true
  },
  "minecraft:recipes/decorations/campfire": {
    "criteria": {
      "has_stick": "2024-08-21 03:38:07 +0000"
    },
    "done": true
  },
  "diamethysts:items/diamethyst_gold_bow_upper_section": {
    "criteria": {
      "has_items": "2024-08-21 03:38:07 +0000"
    },
    "done": true
  },
  "diamethysts:story/root": {
    "criteria": {
      "crafting_table": "2024-08-21 03:37:55 +0000"
    },
    "done": true
  },
  "minecraft:recipes/decorations/ladder": {
    "criteria": {
      "has_stick": "2024-08-21 03:38:07 +0000"
    },
    "done": true
  },
  "infernalexp:recipes/food/blindsight_tounge_stew": {
    "criteria": {
      "has_tongue": "2024-08-21 03:36:30 +0000",
      "has_crimson_fungus": "2024-08-21 03:36:30 +0000",
      "has_warped_fungus": "2024-08-21 03:36:30 +0000",
      "has_bowl": "2024-08-21 03:36:30 +0000",
      "has_luminous_fungus": "2024-08-21 03:36:30 +0000"
    },
    "done": true
  },
  "minecraft:recipes/decorations/chest": {
    "criteria": {
      "has_lots_of_items": "2024-08-21 03:39:08 +0000"
    },
    "done": true
  },
  "greekfantasy:recipes/combat/stone_club": {
    "criteria": {
      "has_ingredients": "2024-08-21 03:38:19 +0000"
    },
    "done": true
  },
  "decorative_blocks:recipes/decorative_blocks.general/rocky_dirt": {
    "criteria": {
      "has_dirt": "2024-08-21 03:37:09 +0000"
    },
    "done": true
  },
  "diamethysts:items/diamethyst_copper_bow_lower_section": {
    "criteria": {
      "has_items": "2024-08-21 03:38:07 +0000"
    },
    "done": true
  },
  "incendium:technical/inventory/sentrys_wrath": {
    "criteria": {
      "log_spam_fixer": "2024-08-21 03:49:32 +0000"
    },
    "done": false
  },
  "greekfantasy:recipes/building_blocks/limestone": {
    "criteria": {
      "has_ingredients": "2024-08-21 03:36:30 +0000"
    },
    "done": true
  },
  "minecraft:recipes/tools/wooden_shovel": {
    "criteria": {
      "has_stick": "2024-08-21 03:38:07 +0000"
    },
    "done": true
  },
  "minecraft:recipes/decorations/torch": {
    "criteria": {
      "has_stone_pickaxe": "2024-08-21 03:38:47 +0000"
    },
    "done": true
  },
  "minecraft:recipes/misc/stick": {
    "criteria": {
      "has_planks": "2024-08-21 03:37:50 +0000"
    },
    "done": true
  },
  "infernalexp:recipes/combat/blindsight_tongue_whip": {
    "criteria": {
      "has_molten_gold_cluster": "2024-08-21 03:36:30 +0000"
    },
    "done": true
  },
  "diamethysts:items/diamethyst_emerald_bow_upper_section": {
    "criteria": {
      "has_items": "2024-08-21 03:38:07 +0000"
    },
    "done": true
  },
  "astikorcarts:recipes/plow": {
    "criteria": {
      "has_wheel": "2024-08-21 03:36:30 +0000"
    },
    "done": true
  },
  "infernalexp:recipes/food/cooked_hogchop_smelting": {
    "criteria": {
      "has_hogchop": "2024-08-21 03:36:30 +0000"
    },
    "done": true
  },
  "minecraft:recipes/combat/wooden_sword": {
    "criteria": {
      "has_stick": "2024-08-21 03:38:07 +0000"
    },
    "done": true
  },
  "minecraft:recipes/tools/stone_shovel": {
    "criteria": {
      "has_cobblestone": "2024-08-21 03:38:19 +0000"
    },
    "done": true
  },
  "minecraft:recipes/building_blocks/oak_planks": {
    "criteria": {
      "has_logs": "2024-08-21 03:37:27 +0000"
    },
    "done": true
  },
  "minecraft:recipes/food/cake": {
    "criteria": {
      "has_egg": "2024-08-21 03:42:10 +0000"
    },
    "done": true
  },
  "diamethysts:items/diamethyst_arrow": {
    "criteria": {
      "has_items": "2024-08-21 03:38:07 +0000"
    },
    "done": true
  },
  "minecraft:recipes/tools/wooden_hoe": {
    "criteria": {
      "has_stick": "2024-08-21 03:38:07 +0000"
    },
    "done": true
  },
  "minecraft:recipes/building_blocks/cobblestone_slab": {
    "criteria": {
      "has_cobblestone": "2024-08-21 03:38:19 +0000"
    },
    "done": true
  },
  "decorative_blocks:recipes/decorative_blocks.general/lattice": {
    "criteria": {
      "has_stick": "2024-08-21 03:38:07 +0000"
    },
    "done": true
  },
  "minecraft:recipes/redstone/oak_pressure_plate": {
    "criteria": {
      "has_planks": "2024-08-21 03:37:50 +0000"
    },
    "done": true
  },
  "minecraft:recipes/building_blocks/birch_planks": {
    "criteria": {
      "has_logs": "2024-08-21 03:40:03 +0000"
    },
    "done": true
  },
  "minecraft:recipes/building_blocks/cobblestone_stairs": {
    "criteria": {
      "has_cobblestone": "2024-08-21 03:38:19 +0000"
    },
    "done": true
  },
  "decorative_blocks:recipes/decorative_blocks.general/oak_palisade": {
    "criteria": {
      "has_log": "2024-08-21 03:37:27 +0000"
    },
    "done": true
  },
  "diamethysts:items/diamethyst_prismarine_bow_upper_section": {
    "criteria": {
      "has_items": "2024-08-21 03:38:07 +0000"
    },
    "done": true
  },
  "diamethysts:items/diamethyst_emerald_bow_lower_section": {
    "criteria": {
      "has_items": "2024-08-21 03:38:07 +0000"
    },
    "done": true
  },
  "infernalexp:recipes/redstone/smooth_glowstone_pressure_plate": {
    "criteria": {
      "has_smooth_glowstone": "2024-08-21 03:36:30 +0000"
    },
    "done": true
  },
  "diamethysts:items/diamethyst_diamond_bow_upper_section": {
    "criteria": {
      "has_items": "2024-08-21 03:38:07 +0000"
    },
    "done": true
  },
  "minecraft:recipes/building_blocks/oak_wood": {
    "criteria": {
      "has_log": "2024-08-21 03:37:27 +0000"
    },
    "done": true
  },
  "minecraft:story/root": {
    "criteria": {
      "crafting_table": "2024-08-21 03:37:55 +0000"
    },
    "done": true
  },
  "minecraft:recipes/combat/crossbow": {
    "criteria": {
      "has_stick": "2024-08-21 03:38:07 +0000"
    },
    "done": true
  },
  "diamethysts:items/diamethyst_bow_lower_section": {
    "criteria": {
      "has_items": "2024-08-21 03:38:07 +0000"
    },
    "done": true
  },
  "minecraft:recipes/decorations/oak_sign": {
    "criteria": {
      "has_planks": "2024-08-21 03:37:50 +0000"
    },
    "done": true
  },
  "minecraft:recipes/redstone/oak_trapdoor": {
    "criteria": {
      "has_planks": "2024-08-21 03:37:50 +0000"
    },
    "done": true
  },
  "incendium:technical/using/shield": {
    "criteria": {
      "log_spam_fixer": "2024-08-21 03:36:31 +0000"
    },
    "done": false
  },
  "minecraft:recipes/redstone/oak_fence_gate": {
    "criteria": {
      "has_planks": "2024-08-21 03:37:50 +0000"
    },
    "done": true
  },
  "betterdungeons:root": {
    "criteria": {
      "always": "2024-08-21 03:36:31 +0000"
    },
    "done": true
  },
  "decorative_blocks:recipes/decorative_blocks.general/oak_seat": {
    "criteria": {
      "has_plank": "2024-08-21 03:37:50 +0000"
    },
    "done": true
  },
  "diamethysts:items/diamethyst_copper_bow_upper_section": {
    "criteria": {
      "has_items": "2024-08-21 03:38:07 +0000"
    },
    "done": true
  },
  "incendium:technical/using/trailblazer": {
    "criteria": {
      "log_spam_fixer": "2024-08-21 03:36:31 +0000"
    },
    "done": false
  },
  "infernalexp:recipes/building_blocks/glass": {
    "criteria": {
      "has_silt": "2024-08-21 03:36:30 +0000"
    },
    "done": true
  },
  "infernalexp:recipes/food/cooked_hogchop_smoking": {
    "criteria": {
      "has_hogchop": "2024-08-21 03:36:30 +0000"
    },
    "done": true
  },
  "minecraft:recipes/redstone/oak_button": {
    "criteria": {
      "has_planks": "2024-08-21 03:37:50 +0000"
    },
    "done": true
  },
  "incendium:technical/scroll_of_returning": {
    "criteria": {
      "log_spam_fixer": "2024-08-21 03:36:31 +0000"
    },
    "done": false
  },
  "incendium:technical/multiplex_crossbow": {
    "criteria": {
      "log_spam_fixer": "2024-08-21 03:49:32 +0000"
    },
    "done": false
  },
  "diamethysts:items/diamethyst_iron_bow_lower_section": {
    "criteria": {
      "has_items": "2024-08-21 03:38:07 +0000"
    },
    "done": true
  },
  "infernalexp:recipes/combat/glowsilk_bow": {
    "criteria": {
      "has_glowsilk": "2024-08-21 03:36:30 +0000"
    },
    "done": true
  },
  "minecraft:story/mine_stone": {
    "criteria": {
      "get_stone": "2024-08-21 03:38:19 +0000"
    },
    "done": true
  },
  "minecraft:recipes/building_blocks/stone": {
    "criteria": {
      "has_cobblestone": "2024-08-21 03:38:19 +0000"
    },
    "done": true
  },
  "incendium:technical/firestorm": {
    "criteria": {
      "log_spam_fixer": "2024-08-21 03:49:32 +0000"
    },
    "done": false
  },
  "diamethysts:items/diamethyst_gold_bow_lower_section": {
    "criteria": {
      "has_items": "2024-08-21 03:38:07 +0000"
    },
    "done": true
  },
  "minecraft:recipes/decorations/furnace": {
    "criteria": {
      "has_cobblestone": "2024-08-21 03:38:19 +0000"
    },
    "done": true
  },
  "astikorcarts:recipes/animal_cart": {
    "criteria": {
      "has_wheel": "2024-08-21 03:36:30 +0000"
    },
    "done": true
  },
  "minecraft:adventure/adventuring_time": {
    "criteria": {
      "minecraft:forest": "2024-08-21 03:36:31 +0000",
      "minecraft:plains": "2024-08-21 03:40:42 +0000"
    },
    "done": false
  },
  "infernalexp:recipes/redstone/smooth_dullstone_button": {
    "criteria": {
      "has_smooth_dullstone": "2024-08-21 03:36:30 +0000"
    },
    "done": true
  },
  "incendium:technical/on_hit": {
    "criteria": {
      "not_target": "2024-08-21 03:49:46 +0000"
    },
    "done": false
  },
  "minecraft:recipes/misc/charcoal": {
    "criteria": {
      "has_log": "2024-08-21 03:37:27 +0000"
    },
    "done": true
  },
  "infernalexp:recipes/food/cured_jerky": {
    "criteria": {
      "has_soul_salt_clump": "2024-08-21 03:36:30 +0000"
    },
    "done": true
  },
  "minecraft:recipes/tools/wooden_pickaxe": {
    "criteria": {
      "has_stick": "2024-08-21 03:38:07 +0000"
    },
    "done": true
  },
  "minecraft:recipes/building_blocks/cobblestone_slab_from_cobblestone_stonecutting": {
    "criteria": {
      "has_cobblestone": "2024-08-21 03:38:19 +0000"
    },
    "done": true
  },
  "incendium:technical/using/ragnarok": {
    "criteria": {
      "log_spam_fixer": "2024-08-21 03:36:31 +0000"
    },
    "done": false
  },
  "decorative_blocks:recipes/decorative_blocks.general/oak_support": {
    "criteria": {
      "has_plank": "2024-08-21 03:37:50 +0000"
    },
    "done": true
  },
  "infernalexp:recipes/redstone/basalt_button": {
    "criteria": {
      "has_basalt": "2024-08-21 03:36:30 +0000"
    },
    "done": true
  },
  "minecraft:recipes/combat/stone_sword": {
    "criteria": {
      "has_cobblestone": "2024-08-21 03:38:19 +0000"
    },
    "done": true
  },
  "minecraft:recipes/building_blocks/oak_stairs": {
    "criteria": {
      "has_planks": "2024-08-21 03:37:50 +0000"
    },
    "done": true
  },
  "minecraft:recipes/decorations/cobblestone_wall": {
    "criteria": {
      "has_cobblestone": "2024-08-21 03:38:19 +0000"
    },
    "done": true
  },
  "minecraft:recipes/decorations/barrel": {
    "criteria": {
      "has_planks": "2024-08-21 03:37:50 +0000"
    },
    "done": true
  },
  "incendium:technical/new_player": {
    "criteria": {
      "requirement": "2024-08-21 03:36:31 +0000"
    },
    "done": true
  },
  "minecraft:recipes/tools/stone_pickaxe": {
    "criteria": {
      "has_cobblestone": "2024-08-21 03:38:19 +0000"
    },
    "done": true
  },
  "minecraft:recipes/redstone/oak_door": {
    "criteria": {
      "has_planks": "2024-08-21 03:37:50 +0000"
    },
    "done": true
  },
  "incendium:technical/holy_wrath": {
    "criteria": {
      "log_spam_fixer": "2024-08-21 03:49:32 +0000"
    },
    "done": false
  },
  "incendium:technical/inventory/firestorm": {
    "criteria": {
      "log_spam_fixer": "2024-08-21 03:49:32 +0000"
    },
    "done": false
  },
  "knight_quest:kq_quest_source": {
    "criteria": {
      "kq_quest_source": "2024-08-21 03:36:30 +0000"
    },
    "done": true
  },
  "minecraft:adventure/root": {
    "criteria": {
      "killed_something": "2024-08-21 03:49:46 +0000"
    },
    "done": true
  },
  "infernalexp:recipes/redstone/soul_slate_button": {
    "criteria": {
      "has_soul_slate": "2024-08-21 03:36:30 +0000"
    },
    "done": true
  },
  "minecraft:recipes/decorations/cobblestone_wall_from_cobblestone_stonecutting": {
    "criteria": {
      "has_cobblestone": "2024-08-21 03:38:19 +0000"
    },
    "done": true
  },
  "incendium:technical/give_ghastling": {
    "criteria": {
      "log_spam_fixer": "2024-08-21 03:49:32 +0000"
    },
    "done": false
  },
  "greekfantasy:recipes/combat/stone_spear": {
    "criteria": {
      "has_ingredients": "2024-08-21 03:38:19 +0000"
    },
    "done": true
  },
  "infernalexp:recipes/redstone/smooth_dimstone_button": {
    "criteria": {
      "has_smooth_dimstone": "2024-08-21 03:36:30 +0000"
    },
    "done": true
  },
  "decorative_blocks:recipes/decorative_blocks.general/birch_palisade": {
    "criteria": {
      "has_log": "2024-08-21 03:40:03 +0000"
    },
    "done": true
  },
  "shieldexp:recipes/wooden_shield": {
    "criteria": {
      "has_stick": "2024-08-21 03:38:07 +0000"
    },
    "done": true
  },
  "diamethysts:items/leather_bound_stick": {
    "criteria": {
      "has_items": "2024-08-21 03:38:07 +0000"
    },
    "done": true
  },
  "incendium:technical/on_kill": {
    "criteria": {
      "log_spam_fixer": "2024-08-21 03:49:32 +0000"
    },
    "done": false
  },
  "minecraft:recipes/tools/stone_hoe": {
    "criteria": {
      "has_cobblestone": "2024-08-21 03:38:19 +0000"
    },
    "done": true
  },
  "incendium:technical/on_player_hurt": {
    "criteria": {
      "log_spam_fixer": "2024-08-21 03:49:32 +0000"
    },
    "done": false
  },
  "diamethysts:items/diamethyst_diamond_bow_lower_section": {
    "criteria": {
      "has_items": "2024-08-21 03:38:07 +0000"
    },
    "done": true
  },
  "incendium:technical/sentrys_wrath": {
    "criteria": {
      "log_spam_fixer": "2024-08-21 03:49:32 +0000"
    },
    "done": false
  },
  "diamethysts:items/diamethyst_prismarine_bow_lower_section": {
    "criteria": {
      "has_items": "2024-08-21 03:38:07 +0000"
    },
    "done": true
  },
  "minecraft:recipes/building_blocks/birch_wood": {
    "criteria": {
      "has_log": "2024-08-21 03:40:03 +0000"
    },
    "done": true
  },
  "dungeons_arise:wda_root": {
    "criteria": {
      "WDA": "2024-08-21 03:36:31 +0000"
    },
    "done": true
  },
  "astikorcarts:recipes/wheel": {
    "criteria": {
      "has_planks": "2024-08-21 03:37:50 +0000"
    },
    "done": true
  },
  "infernalexp:recipes/redstone/polished_basalt_pressure_plate": {
    "criteria": {
      "has_polished_basalt": "2024-08-21 03:36:30 +0000"
    },
    "done": true
  },
  "incendium:technical/feed_ghastling": {
    "criteria": {
      "log_spam_fixer": "2024-08-21 03:49:32 +0000"
    },
    "done": false
  },
  "minecraft:story/upgrade_tools": {
    "criteria": {
      "stone_pickaxe": "2024-08-21 03:38:47 +0000"
    },
    "done": true
  },
  "greekfantasy:recipes/building_blocks/ichor_infused_gearbox": {
    "criteria": {
      "has_ingredients": "2024-08-21 03:36:30 +0000"
    },
    "done": true
  },
  "diamethysts:items/diamethyst_iron_bow_upper_section": {
    "criteria": {
      "has_items": "2024-08-21 03:38:07 +0000"
    },
    "done": true
  },
  "minecraft:recipes/decorations/oak_fence": {
    "criteria": {
      "has_planks": "2024-08-21 03:37:50 +0000"
    },
    "done": true
  },
  "minecraft:recipes/decorations/soul_campfire": {
    "criteria": {
      "has_stick": "2024-08-21 03:38:07 +0000"
    },
    "done": true
  },
  "minecraft:recipes/tools/stone_axe": {
    "criteria": {
      "has_cobblestone": "2024-08-21 03:38:19 +0000"
    },
    "done": true
  },
  "infernalexp:recipes/redstone/soul_slate_pressure_plate": {
    "criteria": {
      "has_soul_slate": "2024-08-21 03:36:30 +0000"
    },
    "done": true
  },
  "astikorcarts:recipes/supply_cart": {
    "criteria": {
      "has_wheel": "2024-08-21 03:36:30 +0000"
    },
    "done": true
  },
  "minecraft:recipes/building_blocks/oak_slab": {
    "criteria": {
      "has_planks": "2024-08-21 03:37:50 +0000"
    },
    "done": true
  },
  "diamethysts:items/diamethyst_lapis_bow_lower_section": {
    "criteria": {
      "has_items": "2024-08-21 03:38:07 +0000"
    },
    "done": true
  },
  "immersive_armors:recipes/misc/wooden": {
    "criteria": {
      "has_item": "2024-08-21 03:37:27 +0000"
    },
    "done": true
  },
  "incendium:technical/on_inventory_change": {
    "criteria": {
      "log_spam_fixer": "2024-08-21 03:49:32 +0000"
    },
    "done": false
  },
  "DataVersion": 3120
}